fn,pa_declare,cost_declare,handler_initial,fonction_commit_reel,categorie,pa_source,cout_source,payeur_caisse,cout_sur_echec,remarque
accord_diplomatique,2,0,ouvrirModalNegociationDiplomatique,proposerDiplomatie,COMMIT DIFFERE,aucun (jamais preleve),N/A,PJ (state.arg),sans objet (cout=0 ou jamais preleve),
acheter_bombe_illegale,2,0,doAcheterExplosifs,confirmerAchatExplosifs,COMMIT DIFFERE,aucun (jamais preleve),N/A,PJ (state.arg),sans objet (cout=0 ou jamais preleve),
acheter_bombe_mil,2,0,doObtenirExplosifsMilitaires,doObtenirExplosifsMilitaires,COMMIT IMMEDIAT,aucun (jamais preleve),N/A,PJ (state.arg),sans objet (cout=0 ou jamais preleve),
acheter_ghb,1,300,doAcheterPoisonObjet,confirmerAchatPoison,COMMIT DIFFERE,aucun (jamais preleve),variable(possible data.js/dynamique),PJ (state.arg),deterministe (pas de jet),
acheter_polonium,2,600,doAcheterPoisonObjet,confirmerAchatPoison,COMMIT DIFFERE,aucun (jamais preleve),variable(possible data.js/dynamique),PJ (state.arg),deterministe (pas de jet),
acheter_produit_stock,1,0,doAcheterProduitStock,appliquerTaxeTransaction,COMMIT DIFFERE,aucun (jamais preleve),N/A,PJ (state.arg),sans objet (cout=0 ou jamais preleve),
acheter_relique,1,500,doAcheterRelique,doAcheterRelique,COMMIT IMMEDIAT,aucun (jamais preleve),hardcode,PJ (state.arg),deterministe (pas de jet),
acheter_ressources_entrepot,1,0,doOuvrirAchatEntrepot,appliquer,COMMIT DIFFERE,aucun (jamais preleve),N/A,PJ (state.arg),sans objet (cout=0 ou jamais preleve),
acheter_terrain,2,33000,doAcheterTerrain,doAcheterTerrain,COMMIT IMMEDIAT,aucun (jamais preleve),variable(possible data.js/dynamique),PJ (state.arg),deterministe (pas de jet),
acheter_vipere,1,350,doAcheterPoisonObjet,confirmerAchatPoison,COMMIT DIFFERE,aucun (jamais preleve),variable(possible data.js/dynamique),PJ (state.arg),deterministe (pas de jet),
acte_officiel,1,50,doActeOfficiel,doActeOfficiel,COMMIT IMMEDIAT,aucun (jamais preleve),aucun (jamais preleve),PJ (state.arg),sans objet (cout=0 ou jamais preleve),
acte_officiel_mairie,1,0,ouvrirActeOfficielMairie,delivrerActe,COMMIT DIFFERE,aucun (jamais preleve),N/A,PJ (state.arg),sans objet (cout=0 ou jamais preleve),
acte_rachat_entreprise,1,0,doActeRachatEntreprise,traiterActeRachatEntrepriseParIndex,COMMIT DIFFERE,aucun (jamais preleve),N/A,PJ (state.arg),sans objet (cout=0 ou jamais preleve),
acte_rachat_entreprise_preemption,1,0,doActeRachatEntreprisePreemption,traiterActeRachatEntreprisePreemptionParIndex,COMMIT DIFFERE,aucun (jamais preleve),N/A,PJ (state.arg),sans objet (cout=0 ou jamais preleve),"Ordre du 8/8 (Notaire). Finalise le transfert de propriete initie par preempter_entreprise. Chaine continue sans etape d'annulation intermediaire une fois lancee -- PA(1) jamais preleve, aucun cout personnel (finance par le pret national deja engage a l'etape precedente)."
acte_vente_terrain,1,300,doActeVenteTerrain,traiterActeVente,COMMIT DIFFERE,aucun (jamais preleve),variable(possible data.js/dynamique),PJ (state.arg),deterministe (pas de jet),
activer_cessez_le_feu,2,0,ouvrirActiverCessezLeFeu,confirmerActivationCessezLeFeu,COMMIT DIFFERE,aucun (jamais preleve),N/A,PJ (state.arg),sans objet (cout=0 ou jamais preleve),
affecter_engage,2,0,ouvrirAffecterEngage,confirmerAffectationSection,COMMIT DIFFERE,aucun (jamais preleve),N/A,PJ (state.arg),sans objet (cout=0 ou jamais preleve),
annuler_poursuites,2,0,ouvrirModalAffaires,annulerAffaire,COMMIT DIFFERE,aucun (jamais preleve),institution,pays/'gouvernement,sans objet (cout=0 ou jamais preleve),
appeler_police_terrain,1,0,doAppelerPoliceTerrain,fermerModalPostes,COMMIT DIFFERE,aucun (jamais preleve),N/A,PJ (state.arg),sans objet (cout=0 ou jamais preleve),
archives,1,0,ouvrirArchivesTribunal,ouvrirDetailJugement,COMMIT DIFFERE,aucun (jamais preleve),N/A,PJ (state.arg),sans objet (cout=0 ou jamais preleve),
archives_police,1,0,doArchivesPolice,doArchivesPolice,COMMIT IMMEDIAT,aucun (jamais preleve),N/A,PJ (state.arg),sans objet (cout=0 ou jamais preleve),
arreter,3,500,doArreter,confirmerArrestation,COMMIT DIFFERE,aucun (jamais preleve),aucun (jamais preleve),PJ (state.arg),sans objet (cout=0 ou jamais preleve),
article,2,300,doArticle,doArticle,COMMIT IMMEDIAT,aucun (jamais preleve),aucun (jamais preleve),PJ (state.arg),sans objet (cout=0 ou jamais preleve),
assigner_mission,1,0,doAssignerMission,confirmerMission,COMMIT DIFFERE,aucun (jamais preleve),N/A,PJ (state.arg),sans objet (cout=0 ou jamais preleve),
banquet_diplo,3,2000,ouvrirBanquetDiplomatique,confirmerBanquetDiplomatique,COMMIT DIFFERE,aucun (jamais preleve),aucun (jamais preleve),PJ (state.arg),sans objet (cout=0 ou jamais preleve),
benediction_etat,2,0,doBenedictionEtat,doBenedictionEtat,COMMIT IMMEDIAT,aucun (jamais preleve),N/A,PJ (state.arg),sans objet (cout=0 ou jamais preleve),
blocus_portuaire,3,0,doBlocusPortuaire,doBlocusPortuaire,COMMIT IMMEDIAT,aucun (jamais preleve),N/A,PJ (state.arg),sans objet (cout=0 ou jamais preleve),
boire_verre,0,50,ouvrirModalInvitationSociale,envoyerInvitationSociale,COMMIT CONDITIONNEL,N/A,variable(possible data.js/dynamique),PJ (state.arg),OUI (meme cout),"MEILLEUR EXEMPLE EXISTANT de commit conditionnel propre : pa/cost/successRate threades en parametres depuis doOrder() jusqu'a envoyerInvitationSociale, state.arg -= cost UNIQUEMENT si la cible accepte (roll de succes). Neanmoins PA totalement decoratif : la seule utilisation de `pa` dans la chaine est `advanceTime(Math.max(0,pa||0))`, qui n'avance QUE l'horloge -- confusion potentielle avec une deduction."
cambrioler_caisse_commissariat,3,0,doCambriolerCaisseCommissariat,doCambriolerCaisseCommissariat,COMMIT IMMEDIAT,aucun (jamais preleve),N/A,PJ (state.arg),sans objet (cout=0 ou jamais preleve),
campagne_securite,2,500,doCampagneSecurite,doCampagneSecurite,COMMIT IMMEDIAT,aucun (jamais preleve),variable(possible data.js/dynamique),PJ (state.arg),deterministe (pas de jet),
censurer_media,2,0,ouvrirModalMedia,censurer,COMMIT DIFFERE,aucun (jamais preleve),N/A,PJ (state.arg),sans objet (cout=0 ou jamais preleve),
centre_anti_poison,1,150,doCentreAntiPoison,doCentreAntiPoison,COMMIT IMMEDIAT,aucun (jamais preleve),variable(possible data.js/dynamique),PJ (state.arg),deterministe (pas de jet),
choisir_accessoire_club,1,0,doChoisirAccessoireClub,confirmerAchatAccessoireClub,COMMIT DIFFERE,aucun (jamais preleve),N/A,PJ (state.arg),sans objet (cout=0 ou jamais preleve),
choisir_suite,1,0,ouvrirModalChoixSuite,entrerEtLouerSuite,COMMIT DIFFERE,aucun (jamais preleve),N/A,PJ (state.arg),sans objet (cout=0 ou jamais preleve),
commanditer_sondage,1,200,ouvrirModalTexteLibre,"executerOrdreTexte (branche action===commanditer_sondage -- PAS appliquerAllegement, trace auto erronee)",COMMIT IMMEDIAT,aucun (jamais preleve),aucun (jamais preleve),sans objet,sans objet (cout=0 ou jamais preleve),"DISPATCHEUR PARTAGE verifie manuellement. Chain automatique faussee (proximite de fichier avec appliquerAllegement, fonction sans rapport). Reel : commit immediat dans executerOrdreTexte. +5 INF applique mais le cout declare (200 FR) n'est jamais deduit."
conference_presse,2,0,ouvrirForumNationalSousForumPresident,closeForumView,COMMIT DIFFERE,aucun (jamais preleve),N/A,PJ (state.arg),sans objet (cout=0 ou jamais preleve),
consommer_buvette,1,50,doConsommerBuvette,doConsommerBuvette,COMMIT DIFFERE,aucun (jamais preleve),variable(possible data.js/dynamique),PJ (state.arg),deterministe (pas de jet),
consulter_archives_notariales,1,0,doConsulterArchivesNotariales,enigme1AfficherSuccession,COMMIT DIFFERE,aucun (jamais preleve),N/A,PJ (state.arg),sans objet (cout=0 ou jamais preleve),
consulter_classement_joueurs_club,0,75,doConsulterClassementBookmaker,doConsulterClassementBookmaker,COMMIT IMMEDIAT,N/A,hardcode,PJ (state.arg),deterministe (pas de jet),"Deduction cout reelle mais hardcodee (-75, au lieu de lire data.js). A migrer."
consulter_confessions,2,0,doConsulterConfessions,doConsulterConfessions,COMMIT IMMEDIAT,aucun (jamais preleve),N/A,PJ (state.arg),sans objet (cout=0 ou jamais preleve),
consulter_dossiers_gouv,2,0,doConsulterDossiersGouv,doConsulterDossiersGouv,COMMIT IMMEDIAT,aucun (jamais preleve),N/A,PJ (state.arg),sans objet (cout=0 ou jamais preleve),
consulter_info_3,1,0,consulterInformateur,licencierInformateur,COMMIT DIFFERE,aucun (jamais preleve),N/A,PJ (state.arg),sans objet (cout=0 ou jamais preleve),
consulter_info_4,1,0,consulterInformateur,licencierInformateur,COMMIT DIFFERE,aucun (jamais preleve),N/A,PJ (state.arg),sans objet (cout=0 ou jamais preleve),
consulter_lobbyiste,1,300,doConsulterLobbyiste,doConsulterLobbyiste,COMMIT IMMEDIAT,aucun (jamais preleve),variable(possible data.js/dynamique),PJ (state.arg),deterministe (pas de jet),
consulter_manifeste,1,0,doConsulterManifeste,doConsulterManifeste,COMMIT IMMEDIAT,aucun (jamais preleve),N/A,PJ (state.arg),sans objet (cout=0 ou jamais preleve),
consulter_succession,1,100,doConsulterArchivesNotariales,enigme1AfficherSuccession,COMMIT DIFFERE,aucun (jamais preleve),aucun (jamais preleve),PJ (state.arg),sans objet (cout=0 ou jamais preleve),
contester_resultats,3,200,ouvrirContesterResultats,soumettreConte,COMMIT DIFFERE,aucun (jamais preleve),aucun (jamais preleve),PJ (state.arg),sans objet (cout=0 ou jamais preleve),
contrebande_port,3,0,doContrebandePort,doContrebandePort,COMMIT IMMEDIAT,aucun (jamais preleve),N/A,PJ (state.arg),sans objet (cout=0 ou jamais preleve),
corrompre_chantier,2,1500,doCorrompreChantier,doCorrompreChantier,COMMIT IMMEDIAT,aucun (jamais preleve),variable(possible data.js/dynamique),PJ (state.arg),deterministe (pas de jet),
corrompre_douanier,1,300,doCorrompreDoanier,doCorrompreDoanier,COMMIT CONDITIONNEL,aucun (jamais preleve),hardcode,PJ (state.arg),OUI (meme cout),
corrompre_fonct,3,1500,doCorruption,doCorruption,COMMIT CONDITIONNEL,aucun (jamais preleve),variable(possible data.js/dynamique),PJ (state.arg),OUI (meme cout),
corrompre_fonctionnaire_permis,2,800,doCorrompreFonctionnairePermis,doCorrompreFonctionnairePermis,COMMIT IMMEDIAT,aucun (jamais preleve),variable(possible data.js/dynamique),PJ (state.arg),deterministe (pas de jet),
corrompre_homologue_local,2,800,doCorrompreHomologueLocal,doCorrompreHomologueLocal,COMMIT IMMEDIAT,aucun (jamais preleve),variable(possible data.js/dynamique),PJ (state.arg),deterministe (pas de jet),
corrompre_journaliste,2,500,doCorruption,doCorruption,COMMIT CONDITIONNEL,aucun (jamais preleve),variable(possible data.js/dynamique),PJ (state.arg),OUI (meme cout),
corrompre_rdv_notaire,2,800,doCorrompreRdvNotaire,doCorrompreRdvNotaire,COMMIT IMMEDIAT,aucun (jamais preleve),variable(possible data.js/dynamique),PJ (state.arg),deterministe (pas de jet),
creer_comite,3,0,creerComite,validerCreationPoste,COMMIT DIFFERE,aucun (jamais preleve),N/A,PJ (state.arg),sans objet (cout=0 ou jamais preleve),
creer_poste_ministre,3,0,creerPosteMinistre,validerCreationPoste,COMMIT DIFFERE,aucun (jamais preleve),N/A,PJ (state.arg),sans objet (cout=0 ou jamais preleve),
declarer_guerre,5,0,ouvrirModalGuerreEmpire,"confirmerGuerreEmpire (via ouvrirModalGuerreEmpire l.5371, version async)",COMMIT DIFFERE,aucun (jamais preleve),N/A,PJ (state.arg),sans objet (cout=0 ou jamais preleve),"BUG DECOUVERT (hors perimetre PA/cout) : ouvrirModalGuerreEmpire est DEFINI DEUX FOIS dans plateau-politique.js (l.1990 synchrone MORTE, l.5371 async VIVANTE -- la derniere declaration gagne). La branche jumelle dans executerOrdreEmpire (action==='declarer_guerre') est donc elle aussi totalement inatteignable."
declencher_election_club,1,0,doDeclencherElectionClub,confirmerDeclenchementElection,COMMIT DIFFERE,aucun (jamais preleve),N/A,PJ (state.arg),sans objet (cout=0 ou jamais preleve),
declencher_vote_confiance,3,0,ouvrirDeclencherVoteConfiance,confirmerDeclenchementVoteConfiance,COMMIT DIFFERE,aucun (jamais preleve),N/A,PJ (state.arg),sans objet (cout=0 ou jamais preleve),
decret_inutile,1,0,signerDecretInutile,publierDecret,COMMIT DIFFERE,aucun (jamais preleve),N/A,PJ (state.arg),sans objet (cout=0 ou jamais preleve),
decret_referendum,3,0,ouvrirForumNationalSousForumPresident,closeForumView,COMMIT DIFFERE,aucun (jamais preleve),N/A,PJ (state.arg),sans objet (cout=0 ou jamais preleve),
defense,2,300,doDefense,doDefense,COMMIT IMMEDIAT,aucun (jamais preleve),variable(possible data.js/dynamique),PJ (state.arg),deterministe (pas de jet),
demander_asile_politique,2,0,doDemanderAsilePolitique,doDemanderAsilePolitique,COMMIT IMMEDIAT,aucun (jamais preleve),N/A,PJ (state.arg),sans objet (cout=0 ou jamais preleve),
demander_audience_ambassadeur,1,0,doDemanderAudienceAmbassadeur,doDemanderAudienceAmbassadeur,COMMIT IMMEDIAT,aucun (jamais preleve),N/A,PJ (state.arg),sans objet (cout=0 ou jamais preleve),
demander_benediction,1,0,doDemanderBenediction,doDemanderBenediction,COMMIT IMMEDIAT,aucun (jamais preleve),N/A,PJ (state.arg),sans objet (cout=0 ou jamais preleve),
demander_divorce,1,200,doDemanderDivorce,doDemanderDivorce,COMMIT IMMEDIAT,aucun (jamais preleve),aucun (jamais preleve),PJ (state.arg),sans objet (cout=0 ou jamais preleve),
demander_info_loge,2,0,doLogeInfo,doLogeInfo,COMMIT IMMEDIAT,aucun (jamais preleve),N/A,PJ (state.arg),sans objet (cout=0 ou jamais preleve),
demander_juge_instruction,1,0,doDemanderJugeInstruction,doDemanderJugeInstruction,COMMIT IMMEDIAT,aucun (jamais preleve),N/A,PJ (state.arg),sans objet (cout=0 ou jamais preleve),
demander_mariage,1,0,ouvrirModalDemandeMariage,accepterDemandeMariage,COMMIT DIFFERE,aucun (jamais preleve),N/A,PJ (state.arg),sans objet (cout=0 ou jamais preleve),
demander_naturalisation,2,0,ouvrirModalNaturalisation,confirmerDemandeNaturalisation,COMMIT DIFFERE,aucun (jamais preleve),N/A,PJ (state.arg),sans objet (cout=0 ou jamais preleve),
demander_parler_loge,1,0,doLogePortail,doLogePortail,COMMIT IMMEDIAT,aucun (jamais preleve),N/A,PJ (state.arg),sans objet (cout=0 ou jamais preleve),
dementi,2,0,doDementiOfficiel,confirmerDementi,COMMIT DIFFERE,aucun (jamais preleve),N/A,PJ (state.arg),sans objet (cout=0 ou jamais preleve),
demettre_ambassadeur_cible,1,0,ouvrirModalDemettreAmbassadeur,envoyerNotificationVraiJoueur,COMMIT DIFFERE,aucun (jamais preleve),N/A,PJ (state.arg),sans objet (cout=0 ou jamais preleve),
demettre_lieutenant,2,0,doDemettreLieutenant,confirmerDemissionLieutenant,COMMIT DIFFERE,aucun (jamais preleve),N/A,PJ (state.arg),sans objet (cout=0 ou jamais preleve),
deposer_candidature,2,0,deposerCandidature,deposerCandidature,COMMIT IMMEDIAT,aucun (jamais preleve),N/A,PJ (state.arg),sans objet (cout=0 ou jamais preleve),
deposer_demande_permis,2,0,doDeposerDemandePermis,confirmerDepotPermis,COMMIT DIFFERE,aucun (jamais preleve),N/A,PJ (state.arg),sans objet (cout=0 ou jamais preleve),
diner_affaires,2,300,ouvrirModalInvitationSociale,envoyerInvitationSociale,COMMIT CONDITIONNEL,aucun (jamais preleve),variable(possible data.js/dynamique),PJ (state.arg),OUI (meme cout),"Meme mecanique et meme reserve que boire_verre (voir remarque). Cout(300) correctement conditionnel a l'acceptation ; PA(2) uniquement consomme par advanceTime(pa), jamais deduit de state.pa."
dissoudre_assemblee,4,0,doDissoudreAssemblee,doDissoudreAssemblee,COMMIT IMMEDIAT,aucun (jamais preleve),N/A,PJ (state.arg),sans objet (cout=0 ou jamais preleve),
distribuer_tract,1,0,doDistribuerTract,confirmerDistribuerTract,COMMIT DIFFERE,aucun (jamais preleve),N/A,PJ (state.arg),sans objet (cout=0 ou jamais preleve),
distribuer_tracts_match,2,0,doDistribuerTractsMatch,doDistribuerTractsMatch,COMMIT IMMEDIAT,aucun (jamais preleve),N/A,PJ (state.arg),sans objet (cout=0 ou jamais preleve),
donner_argent_pnj,1,0,doDonnerArgentPnj,confirmerDonArgent,COMMIT DIFFERE,aucun (jamais preleve),N/A,PJ (state.arg),sans objet (cout=0 ou jamais preleve),
donner_conf,2,0,doDonnerConference,confirmerConference,COMMIT DIFFERE,aucun (jamais preleve),N/A,PJ (state.arg),sans objet (cout=0 ou jamais preleve),
dormir,0,40,doDormir,doDormir,COUT DYNAMIQUE,N/A,"dynamique (table coutsDormir[state.currentBuilding], PAS le cost:40 de data.js)",PJ (state.arg),deterministe (pas de jet),"Le cost:40 declare dans data.js pour l'ordre generique 'dormir' n'est JAMAIS utilise : doDormir lit une table hardcodee separee coutsDormir[batiment], donc le vrai cout depend du lieu ou le joueur dort (variable selon l'etablissement). data.js cost:40 est un placeholder mort."
ecouter_rumeurs,1,0,ecouterRumeurs,ecouterRumeurs,COMMIT IMMEDIAT,aucun (jamais preleve),N/A,PJ (state.arg),sans objet (cout=0 ou jamais preleve),
emprunter,1,0,ouvrirModalPretBancaire,confirmerPretBancaire,COMMIT DIFFERE,aucun (jamais preleve),N/A,PJ (state.arg),sans objet (cout=0 ou jamais preleve),
emprunter_prive,1,0,ouvrirModalPretBancaire,confirmerPretBancaire,COMMIT DIFFERE,aucun (jamais preleve),N/A,PJ (state.arg),sans objet (cout=0 ou jamais preleve),
engager_officier,2,0,doEngagerOfficier,doEngagerOfficier,COMMIT IMMEDIAT,aucun (jamais preleve),N/A,PJ (state.arg),sans objet (cout=0 ou jamais preleve),
entrainer_section,2,0,doEntrainerSection,confirmerEntrainementSection,COMMIT DIFFERE,aucun (jamais preleve),N/A,PJ (state.arg),sans objet (cout=0 ou jamais preleve),
equiper_section,1,0,doEquiperSection,confirmerEquipementSection,COMMIT DIFFERE,aucun (jamais preleve),N/A,PJ (state.arg),sans objet (cout=0 ou jamais preleve),
escort_piege,3,800,doEscortPiege,confirmerEscortPiege,COMMIT DIFFERE,aucun (jamais preleve),variable(possible data.js/dynamique),PJ (state.arg),deterministe (pas de jet),
etat_urgence,3,0,doEtatUrgence,confirmerEtatUrgence,COMMIT DIFFERE,aucun (jamais preleve),N/A,PJ (state.arg),sans objet (cout=0 ou jamais preleve),
etouffer,3,800,doEtouffer,doEtouffer,COMMIT IMMEDIAT,aucun (jamais preleve),aucun (jamais preleve),PJ (state.arg),sans objet (cout=0 ou jamais preleve),
excommunier,3,0,ouvrirModalCibleRepertoire,executerOrdreContact (branche else generique),COMMIT IMMEDIAT,aucun (jamais preleve),aucun (jamais preleve),sans objet,sans objet (cout=0 ou jamais preleve),DISPATCHEUR PARTAGE verifie manuellement. Handler existe mais aucune branche if(action===X) de executerOrdreContact ne traite 'excommunier' -> fallback generique (toast+journal uniquement). Aucun effet reel malgre la description (-15 IP -10 POP jamais applique). No-op deguise.
expedier_colis,2,200,ouvrirExpedierColis,confirmerExpedition,COMMIT DIFFERE,aucun (jamais preleve),hardcode,PJ (state.arg),deterministe (pas de jet),
expulser_ambassadeur_cible,2,0,ouvrirModalExpulserAmbassadeur,envoyerNotificationVraiJoueur,COMMIT DIFFERE,aucun (jamais preleve),N/A,PJ (state.arg),sans objet (cout=0 ou jamais preleve),
fabriquer_scandale,3,800,ouvrirFabrquerScandale,confirmerScandale,COMMIT DIFFERE,aucun (jamais preleve),aucun (jamais preleve),PJ (state.arg),sans objet (cout=0 ou jamais preleve),
faire_disparaitre_cadavre,2,0,doFaireDisparaitreCadavre,doFaireDisparaitreCadavre,COMMIT IMMEDIAT,aucun (jamais preleve),N/A,PJ (state.arg),sans objet (cout=0 ou jamais preleve),
faire_don,1,200,doFaireDon,doFaireDon,COMMIT IMMEDIAT,aucun (jamais preleve),aucun (jamais preleve),PJ (state.arg),sans objet (cout=0 ou jamais preleve),
falsifier_document,3,300,ouvrirFalsifierDocument,confirmerFalsification,COMMIT DIFFERE,aucun (jamais preleve),hardcode,PJ (state.arg),deterministe (pas de jet),
falsifier_manifeste,2,200,doFalsifierManifeste,doFalsifierManifeste,COMMIT CONDITIONNEL,aucun (jamais preleve),hardcode,PJ (state.arg),OUI (meme cout),
financer_communal,1,0,ouvrirModalFinancerCommunal,confirmerFinancementCommunal,COMMIT DIFFERE,aucun (jamais preleve),institution,state.country/buildingId,sans objet (cout=0 ou jamais preleve),
financer_oeuvre_culturelle,1,600,doFinancerOeuvreCulturelle,doFinancerOeuvreCulturelle,COMMIT IMMEDIAT,aucun (jamais preleve),variable(possible data.js/dynamique),PJ (state.arg),deterministe (pas de jet),
fiscal,2,200,ouvrirGestionBudget,validerRepartitionBudget,COMMIT DIFFERE,aucun (jamais preleve),aucun (jamais preleve),PJ (state.arg),sans objet (cout=0 ou jamais preleve),
fixer_impots_locaux,2,0,ouvrirFixerImpotsLocauxReel,validerImpotsLocauxReel,COMMIT DIFFERE,aucun (jamais preleve),N/A,PJ (state.arg),sans objet (cout=0 ou jamais preleve),
fixer_impots_nationaux,2,0,ouvrirFixerImpotNational,validerImpotNational,COMMIT DIFFERE,aucun (jamais preleve),N/A,PJ (state.arg),sans objet (cout=0 ou jamais preleve),
fixer_prix_achat_entrepot,1,0,doOuvrirFixerPrixAchatEntrepot,confirmerFixerPrixAchatEntrepot,COMMIT DIFFERE,aucun (jamais preleve),N/A,PJ (state.arg),sans objet (cout=0 ou jamais preleve),
fixer_prix_vente_directe,1,0,doOuvrirFixerPrixVenteDirecte,confirmerFixerPrixVenteDirecte,COMMIT DIFFERE,aucun (jamais preleve),N/A,PJ (state.arg),sans objet (cout=0 ou jamais preleve),
fixer_repartition_production,1,0,doOuvrirFixerRepartitionProduction,confirmerFixerRepartitionProduction,COMMIT DIFFERE,aucun (jamais preleve),N/A,PJ (state.arg),sans objet (cout=0 ou jamais preleve),
gerer_candidature_commandant,1,0,ouvrirGestionCandidatures,appliquerNominationPosteEnAttente,COMMIT DIFFERE,aucun (jamais preleve),N/A,PJ (state.arg),sans objet (cout=0 ou jamais preleve),
gerer_candidature_directeur_entrepot,1,0,ouvrirGestionCandidatures,appliquerNominationPosteEnAttente,COMMIT DIFFERE,aucun (jamais preleve),N/A,PJ (state.arg),sans objet (cout=0 ou jamais preleve),
gerer_candidature_maire_adjoint,1,0,ouvrirGestionCandidatures,appliquerNominationPosteEnAttente,COMMIT DIFFERE,aucun (jamais preleve),N/A,PJ (state.arg),sans objet (cout=0 ou jamais preleve),
gerer_candidatures_directeurs,1,0,ouvrirGestionCandidatures,appliquerNominationPosteEnAttente,COMMIT DIFFERE,aucun (jamais preleve),N/A,PJ (state.arg),sans objet (cout=0 ou jamais preleve),
gerer_couvre_feu,2,0,ouvrirGererCouvreFeu,confirmerCouvreFeu,COMMIT DIFFERE,aucun (jamais preleve),N/A,PJ (state.arg),sans objet (cout=0 ou jamais preleve),
gerer_finances,1,0,openFinancesModal,deposerArgent,COMMIT DIFFERE,aucun (jamais preleve),N/A,PJ (state.arg),sans objet (cout=0 ou jamais preleve),
gerer_local,1,0,ouvrirModalGererLocal,confirmerCreationOrga,COMMIT DIFFERE,aucun (jamais preleve),N/A,PJ (state.arg),sans objet (cout=0 ou jamais preleve),
gracier,2,0,ouvrirModalGracier,confirmerGrace,COMMIT DIFFERE,aucun (jamais preleve),N/A,PJ (state.arg),sans objet (cout=0 ou jamais preleve),
greve,3,0,doGrevePNJ,doGrevePNJ,COMMIT IMMEDIAT,aucun (jamais preleve),N/A,PJ (state.arg),sans objet (cout=0 ou jamais preleve),
imprimer_tracts,2,150,ouvrirModalImprimerTracts,confirmerImpression,COMMIT DIFFERE,aucun (jamais preleve),variable(possible data.js/dynamique),PJ (state.arg),deterministe (pas de jet),
imprimer_tracts_sportifs,1,0,doImprimerTractsSportifs,confirmerImpressionTractsSportifs,COMMIT DIFFERE,aucun (jamais preleve),N/A,PJ (state.arg),sans objet (cout=0 ou jamais preleve),
inspecter_cargaisons,2,0,doInspecterCargaisons,doInspecterCargaisons,COMMIT IMMEDIAT,aucun (jamais preleve),N/A,PJ (state.arg),sans objet (cout=0 ou jamais preleve),
inspecter_troupes,1,0,doInspecterTroupes,doInspecterTroupes,COMMIT IMMEDIAT,aucun (jamais preleve),N/A,PJ (state.arg),sans objet (cout=0 ou jamais preleve),
interdire_manif,2,0,ouvrirInterdireManif,confirmerInterdireManif,COMMIT DIFFERE,aucun (jamais preleve),N/A,PJ (state.arg),sans objet (cout=0 ou jamais preleve),"Ordre du 8/8 (Ministre Interieur), exception assumee a la regle ministere=national : cible le Social LOCAL d'une ville precise. PA(2) jamais preleve."
interview,1,0,doInterview,doInterview,COMMIT IMMEDIAT,aucun (jamais preleve),N/A,PJ (state.arg),sans objet (cout=0 ou jamais preleve),
investir,1,0,ouvrirInvestir,confirmerInvestir,COMMIT DIFFERE,aucun (jamais preleve),N/A,PJ (state.arg),sans objet (cout=0 ou jamais preleve),
jour_deuil,1,0,ouvrirForumNationalSousForumPresident,closeForumView,COMMIT DIFFERE,aucun (jamais preleve),N/A,PJ (state.arg),sans objet (cout=0 ou jamais preleve),
lancer_rumeur_cible,1,0,ouvrirModalLancerRumeur,confirmerLancerRumeur,COMMIT DIFFERE,aucun (jamais preleve),N/A,PJ (state.arg),sans objet (cout=0 ou jamais preleve),"advanceTime(pa) trompeur confirme par lecture : confirmerLancerRumeur(nomCible, pa, cost, successRate) recoit pa/cost en parametres (bon pattern) mais `cost` n'est JAMAIS utilise (mort), et `pa` sert UNIQUEMENT a advanceTime(Math.max(0,pa||0)) -- jamais soustrait de state.pa."
louer_local,1,0,ouvrirModalLouerLocal,confirmerLocation,COMMIT DIFFERE,aucun (jamais preleve),N/A,PJ (state.arg),sans objet (cout=0 ou jamais preleve),
louer_lot_ici,1,0,doOuvrirLouerLot,doLouerCeLot,COMMIT DIFFERE,aucun (jamais preleve),N/A,PJ (state.arg),sans objet (cout=0 ou jamais preleve),
marchander_vote,0,200,openMarchanderVoteModal,openMarchanderVoteModal,COMMIT IMMEDIAT,N/A,aucun (jamais preleve),PJ (state.arg),sans objet (cout=0 ou jamais preleve),
marche_noir,1,0,doMarcheNoir,confirmerAchatPoison,COMMIT DIFFERE,aucun (jamais preleve),N/A,PJ (state.arg),sans objet (cout=0 ou jamais preleve),
mener_enquete,2,250,doMenerEnquete,confirmerMenerEnquete,COMMIT DIFFERE,aucun (jamais preleve),institution,pays/buildingId,deterministe (pas de jet),
mobiliser,2,0,doMobiliserPolice,confirmerMobilisationPolice,COMMIT DIFFERE,aucun (jamais preleve),N/A,PJ (state.arg),sans objet (cout=0 ou jamais preleve),
mobiliser_armee,4,0,doMobiliserArmee,confirmerMobilisation,COMMIT DIFFERE,aucun (jamais preleve),N/A,PJ (state.arg),sans objet (cout=0 ou jamais preleve),
mobiliser_police,2,0,doMobiliserPolice,confirmerMobilisationPolice,COMMIT DIFFERE,aucun (jamais preleve),N/A,PJ (state.arg),sans objet (cout=0 ou jamais preleve),
negocier_squatteurs,1,0,doNegocierSquatteurs,confirmerNegociation,COMMIT DIFFERE,aucun (jamais preleve),N/A,PJ (state.arg),sans objet (cout=0 ou jamais preleve),
nommer_ambassadeur_cible,1,0,ouvrirModalNommerAmbassadeur,envoyerNotificationVraiJoueur,COMMIT DIFFERE,aucun (jamais preleve),N/A,PJ (state.arg),sans objet (cout=0 ou jamais preleve),
nommer_capitaine,2,0,ouvrirNommerCapitaine,accepterNominationCapitaine,COMMIT DIFFERE,aucun (jamais preleve),N/A,PJ (state.arg),sans objet (cout=0 ou jamais preleve),
nommer_commandant,2,0,ouvrirNommerCommandant,accepterNominationPosteNomme,COMMIT DIFFERE,aucun (jamais preleve),N/A,PJ (state.arg),sans objet (cout=0 ou jamais preleve),
nommer_commissaire,3,0,ouvrirModalNommerCommissaire,ouvrirModalNommerCommissaire,COMMIT IMMEDIAT,aucun (jamais preleve),N/A,PJ (state.arg),sans objet (cout=0 ou jamais preleve),
nommer_directeur_entrepot,3,0,ouvrirModalNommerDirecteurEntrepot,ouvrirModalNommerDirecteurEntrepot,COMMIT IMMEDIAT,aucun (jamais preleve),N/A,PJ (state.arg),sans objet (cout=0 ou jamais preleve),
nommer_directeur_pharma,3,0,ouvrirModalNommerDirecteurPharma,ouvrirModalNommerDirecteurPharma,COMMIT IMMEDIAT,aucun (jamais preleve),N/A,PJ (state.arg),sans objet (cout=0 ou jamais preleve),
nommer_directeur_raffinerie,3,0,ouvrirModalNommerDirecteurRaffinerie,ouvrirModalNommerDirecteurRaffinerie,COMMIT IMMEDIAT,aucun (jamais preleve),N/A,PJ (state.arg),sans objet (cout=0 ou jamais preleve),
nommer_directeur_tabac_alcools,3,0,ouvrirModalNommerDirecteurTabacAlcools,ouvrirModalNommerDirecteurTabacAlcools,COMMIT IMMEDIAT,aucun (jamais preleve),N/A,PJ (state.arg),sans objet (cout=0 ou jamais preleve),
nommer_juge,3,0,ouvrirModalNommerJuge,ouvrirModalNommerJuge,COMMIT IMMEDIAT,aucun (jamais preleve),N/A,PJ (state.arg),sans objet (cout=0 ou jamais preleve),
nommer_lieutenant,2,0,ouvrirNommerLieutenant,accepterNominationLieutenant,COMMIT DIFFERE,aucun (jamais preleve),N/A,PJ (state.arg),sans objet (cout=0 ou jamais preleve),
nommer_ministre,2,0,ouvrirModalNommerPM,ouvrirModalNommerPM,COMMIT IMMEDIAT,aucun (jamais preleve),N/A,PJ (state.arg),sans objet (cout=0 ou jamais preleve),
nommer_ministre_pm,2,0,ouvrirNommerMinistresModal,accepterNominationPosteNomme,COMMIT DIFFERE,aucun (jamais preleve),N/A,PJ (state.arg),sans objet (cout=0 ou jamais preleve),
objet_trouve,1,0,reclamerObjetTrouve,reclamerObjetTrouve,COMMIT IMMEDIAT,aucun (jamais preleve),N/A,PJ (state.arg),sans objet (cout=0 ou jamais preleve),
observer_debats,1,0,observerDebats,observerDebats,COMMIT IMMEDIAT,aucun (jamais preleve),N/A,PJ (state.arg),sans objet (cout=0 ou jamais preleve),
officialiser_mariage,2,200,ouvrirOfficialiserMariage,confirmerOfficialisationMariage,COMMIT DIFFERE,aucun (jamais preleve),variable(possible data.js/dynamique),PJ (state.arg),deterministe (pas de jet),
organiser_boycott,2,0,doOrganiserBoycott,doOrganiserBoycott,COMMIT IMMEDIAT,aucun (jamais preleve),N/A,PJ (state.arg),sans objet (cout=0 ou jamais preleve),
organiser_chasse_homme,3,300,doOrganiserChasseHomme,confirmerOrganiserChasseHomme,COMMIT DIFFERE,aucun (jamais preleve),institution,pays/buildingId,deterministe (pas de jet),
organiser_filature,2,150,doOrganiserFilature,confirmerOrganiserFilature,COMMIT DIFFERE,aucun (jamais preleve),institution,pays/buildingId,deterministe (pas de jet),
organiser_manifestation,2,0,doOrganiserManifestation,doOrganiserManifestation,COMMIT IMMEDIAT,aucun (jamais preleve),N/A,PJ (state.arg),sans objet (cout=0 ou jamais preleve),
organiser_reception_diplomatique,2,1200,doOrganiserReceptionDiplomatique,doOrganiserReceptionDiplomatique,COMMIT IMMEDIAT,aucun (jamais preleve),variable(possible data.js/dynamique),PJ (state.arg),deterministe (pas de jet),
ouvrir_ambassade,2,1000,ouvrirModalEmpireCible,executerOrdreEmpire (branche action===ouvrir_ambassade),COMMIT IMMEDIAT,aucun (jamais preleve),hardcode,PJ (state.arg),deterministe (pas de jet),DISPATCHEUR PARTAGE verifie manuellement -- trace auto correcte ici. state.arg -= 1000 hardcode (coincide avec data.js cost:1000 mais n'en provient pas). Aucun jet de reussite.
ouvrir_enquete,2,0,ouvrirChoixTypeCibleFiscale,"executerOrdreFiscalCible (branche action===ouvrir_enquete -- PAS confirmerSubventionMontant, trace auto erronee)",COUT INSTITUTIONNEL,aucun (jamais preleve),hardcode (cout=400),ministere (caisse 'gouvernement-min_just'),OUI (meme cout),"DISPATCHEUR PARTAGE verifie manuellement (meme bug de trace que redressement_fiscal). Cout institutionnel de 400 FR preleve AVANT le jet de reussite (90%) ; succes et echec ('classee sans suite') facturent le MEME montant -- cout sur echec = OUI. A verifier separement (hors perimetre) : debiterCaisseBatimentPlafonne peut rendre un montant partiel si la caisse est presque vide, et le code annule sans recrediter -- perte potentielle du reliquat deja preleve."
parier_match,1,0,doParierMatch,confirmerPariMatch,COMMIT DIFFERE,aucun (jamais preleve),N/A,PJ (state.arg),sans objet (cout=0 ou jamais preleve),
pelerin,2,0,doPelerin,doPelerin,COMMIT IMMEDIAT,aucun (jamais preleve),N/A,PJ (state.arg),sans objet (cout=0 ou jamais preleve),
plainte,1,0,ouvrirPorterPlainte,ouvrirPorterPlainte,COMMIT IMMEDIAT,aucun (jamais preleve),N/A,PJ (state.arg),sans objet (cout=0 ou jamais preleve),
plainte_obstruction_permis,1,0,doPlainteObstruction,doPlainteObstruction,COMMIT IMMEDIAT,aucun (jamais preleve),N/A,PJ (state.arg),sans objet (cout=0 ou jamais preleve),
plainte_police,1,0,openPlainteModal,soumettrePlaynte,COMMIT DIFFERE,aucun (jamais preleve),N/A,PJ (state.arg),sans objet (cout=0 ou jamais preleve),
postuler_president_club,2,0,doPostulerPresidentClub,doPostulerPresidentClub,COMMIT IMMEDIAT,aucun (jamais preleve),N/A,PJ (state.arg),sans objet (cout=0 ou jamais preleve),
preempter_entreprise,2,0,ouvrirPreemptionEntreprise,confirmerPreemption,COUT INSTITUTIONNEL,aucun (jamais preleve),institution,"pays (national, budgets_nationaux[pays].preemption -- pret d'Etat automatique)",sans objet (cout=0 ou jamais preleve),"Ordre du 8/8 (Ministre Finances). Commit reel = confirmerPreemption (cree le pret national + preemptionEtat='attente_acte' sur l'entreprise) ; la finalisation patrimoniale a lieu ensuite via acte_rachat_entreprise_preemption (voir cette ligne), au Notaire, SANS etape de compromis (design assume). PA(2) jamais preleve."
prendre_avion,3,250,ouvrirModalTransport,executerVoyage,COMMIT DIFFERE,aucun (jamais preleve),variable(possible data.js/dynamique),PJ (state.arg),deterministe (pas de jet),
prendre_bateau,4,100,ouvrirModalTransport,executerVoyage,COMMIT DIFFERE,aucun (jamais preleve),variable(possible data.js/dynamique),PJ (state.arg),deterministe (pas de jet),
prendre_bus_taxi,1,150,ouvrirModalTransport,executerVoyage,COMMIT DIFFERE,aucun (jamais preleve),variable(possible data.js/dynamique),PJ (state.arg),deterministe (pas de jet),
prendre_licence_sportive,1,300,doPrendreLicenceSportive,doPrendreLicenceSportive,COMMIT IMMEDIAT,aucun (jamais preleve),hardcode,PJ (state.arg),deterministe (pas de jet),
prendre_train,2,75,ouvrirModalTransport,executerVoyage,COMMIT DIFFERE,aucun (jamais preleve),variable(possible data.js/dynamique),PJ (state.arg),deterministe (pas de jet),
presenter_autorisation_coffre,1,0,doPresenterAutorisationCoffre,doPresenterAutorisationCoffre,COMMIT IMMEDIAT,aucun (jamais preleve),N/A,PJ (state.arg),sans objet (cout=0 ou jamais preleve),
prier,1,0,doPrier,doPrier,COMMIT IMMEDIAT,aucun (jamais preleve),N/A,PJ (state.arg),sans objet (cout=0 ou jamais preleve),
produire_alcool,1,0,doProduireUsine,confirmerProductionUsine,COMMIT DIFFERE,aucun (jamais preleve),N/A,PJ (state.arg),sans objet (cout=0 ou jamais preleve),
produire_carburant,1,0,doProduireUsine,confirmerProductionUsine,COMMIT DIFFERE,aucun (jamais preleve),N/A,PJ (state.arg),sans objet (cout=0 ou jamais preleve),
produire_fuite,3,0,ouvrirProduireFuite,confirmerFuite,COMMIT DIFFERE,aucun (jamais preleve),N/A,PJ (state.arg),sans objet (cout=0 ou jamais preleve),
produire_medicaments,1,0,doProduireUsine,confirmerProductionUsine,COMMIT DIFFERE,aucun (jamais preleve),N/A,PJ (state.arg),sans objet (cout=0 ou jamais preleve),
produire_tabac,1,0,doProduireUsine,confirmerProductionUsine,COMMIT DIFFERE,aucun (jamais preleve),N/A,PJ (state.arg),sans objet (cout=0 ou jamais preleve),
projet_loi,3,0,ouvrirDeposerProjet,closeForumView,COMMIT DIFFERE,aucun (jamais preleve),N/A,PJ (state.arg),sans objet (cout=0 ou jamais preleve),
propagande_etat,3,500,ouvrirForumNationalSousForumPresident,closeForumView,COMMIT DIFFERE,aucun (jamais preleve),aucun (jamais preleve),PJ (state.arg),sans objet (cout=0 ou jamais preleve),
proposer_grace,2,0,ouvrirProposerGrace,confirmerPropositionGrace,COMMIT DIFFERE,aucun (jamais preleve),institution,pays/'gouvernement,sans objet (cout=0 ou jamais preleve),
proposer_transfert,2,0,doProposerTransfert,confirmerPropositionTransfert,COMMIT DIFFERE,aucun (jamais preleve),N/A,PJ (state.arg),sans objet (cout=0 ou jamais preleve),
proposer_treve,3,0,ouvrirProposerTreve,confirmerPropositionTreve,COMMIT DIFFERE,aucun (jamais preleve),N/A,PJ (state.arg),sans objet (cout=0 ou jamais preleve),
racheter_terrain,2,0,doRacheterTerrain,confirmerRachat,COMMIT DIFFERE,aucun (jamais preleve),N/A,PJ (state.arg),sans objet (cout=0 ou jamais preleve),
reception_etat,2,1000,doReceptionAvecBonus,doReceptionAvecBonus,COMMIT IMMEDIAT,aucun (jamais preleve),aucun (jamais preleve),PJ (state.arg),sans objet (cout=0 ou jamais preleve),
receptionner_commande,1,0,ouvrirReceptionnerCommande,recupererColis,COMMIT DIFFERE,aucun (jamais preleve),N/A,PJ (state.arg),sans objet (cout=0 ou jamais preleve),
recherche_militaire,2,0,ouvrirRechercheMilitaire,confirmerRechercheMilitaire,COMMIT DIFFERE,aucun (jamais preleve),institution,pays/'caserne,sans objet (cout=0 ou jamais preleve),
recolter_matiere,2,0,doRecolterMatiere,confirmerRecolte,COMMIT DIFFERE,aucun (jamais preleve),N/A,PJ (state.arg),sans objet (cout=0 ou jamais preleve),
recruter_compagnie,3,0,doRecruterCompagnie,doRecruterCompagnie,COMMIT IMMEDIAT,aucun (jamais preleve),institution,pays/'caserne,sans objet (cout=0 ou jamais preleve),
recruter_etud,2,0,doRecruterMilitants,doRecruterMilitants,COMMIT IMMEDIAT,aucun (jamais preleve),N/A,PJ (state.arg),sans objet (cout=0 ou jamais preleve),
recruter_info_3,2,0,ouvrirRecruterInformateur,confirmerRecrutementInformateur,COMMIT DIFFERE,aucun (jamais preleve),N/A,PJ (state.arg),sans objet (cout=0 ou jamais preleve),
recruter_info_4,3,0,ouvrirRecruterInformateur,confirmerRecrutementInformateur,COMMIT DIFFERE,aucun (jamais preleve),N/A,PJ (state.arg),sans objet (cout=0 ou jamais preleve),
recruter_informateur_2,1,400,consulterInformateur,consulterInformateur,COMMIT DIFFERE,aucun (jamais preleve),variable(possible data.js/dynamique),PJ (state.arg),deterministe (pas de jet),
recruter_informateur_3,1,700,consulterInformateur,consulterInformateur,COMMIT DIFFERE,aucun (jamais preleve),variable(possible data.js/dynamique),PJ (state.arg),deterministe (pas de jet),
recruter_informateur_pnj,1,150,doRecruterInformateurPNJ,doRecruterInformateurPNJ,COMMIT IMMEDIAT,aucun (jamais preleve),variable(possible data.js/dynamique),PJ (state.arg),deterministe (pas de jet),
recruter_section,2,0,ouvrirRecruterSection,doRecruterSection,COMMIT DIFFERE,aucun (jamais preleve),institution,pays/'caserne,sans objet (cout=0 ou jamais preleve),
redressement_fiscal,2,0,ouvrirChoixTypeCibleFiscale,"executerOrdreFiscalCible (branche action===redressement_fiscal -- PAS confirmerSubventionMontant, trace auto erronee)",COMMIT IMMEDIAT,aucun (jamais preleve),hardcode (montantVise=2000),"cible (preleve SUR la cible, credite a l'Etat)",sans objet (cout=0 ou jamais preleve),"DISPATCHEUR PARTAGE verifie manuellement. Trace automatique faussee par contamination inter-branches (executerOrdreFiscalCible traite aussi subvention/ouvrir_enquete ; regex corps-entier remonte confirmerSubventionMontant d'une autre branche). Reel : commit immediat au clic sur la cible, montant hardcode 2000 preleve VIA ajusterSoldeCibleFiscale (plafonne au solde reel de la cible), credite a budgetNat.reserveJour. Deux implementations paralleles dans le repo : celle-ci (vivante, via ouvrirChoixTypeCibleFiscale) et executerOrdreContact (MORTE, jamais atteinte pour ce fn)."
regarder_live,1,0,doRegarderLive,afficherLiveMatch,COMMIT DIFFERE,aucun (jamais preleve),N/A,PJ (state.arg),sans objet (cout=0 ou jamais preleve),
rejoindre_club_supporters,1,150,doRejoindreClubSupporters,doRejoindreClubSupporters,COMMIT IMMEDIAT,aucun (jamais preleve),hardcode,PJ (state.arg),deterministe (pas de jet),
remonter_renseignement,1,0,ouvrirRemonterRenseignement,confirmerRemonteeRenseignement,COMMIT DIFFERE,aucun (jamais preleve),N/A,PJ (state.arg),sans objet (cout=0 ou jamais preleve),
rendre_sentence,2,0,ouvrirRendreSentence,appliquerSentence,COMMIT DIFFERE,aucun (jamais preleve),N/A,PJ (state.arg),sans objet (cout=0 ou jamais preleve),
renseignement,3,500,ouvrirModalRenseignement,confirmerRenseignement,COMMIT DIFFERE,aucun (jamais preleve),institution,pays/'caserne,deterministe (pas de jet),
repartition_budget_local,2,0,doRepartirBudgetMunicipal,confirmerRepartitionBudget,COMMIT DIFFERE,aucun (jamais preleve),N/A,PJ (state.arg),sans objet (cout=0 ou jamais preleve),
reponses_diplomatiques,1,0,ouvrirReponsesDiplomatiques,executerOrdreEmpire,COMMIT DIFFERE,aucun (jamais preleve),N/A,PJ (state.arg),sans objet (cout=0 ou jamais preleve),
reprimer_manif,3,0,ouvrirReprimerManif,confirmerReprimerManif,COMMIT DIFFERE,aucun (jamais preleve),N/A,PJ (state.arg),sans objet (cout=0 ou jamais preleve),"Ordre du 8/8 (Ministre Interieur), meme exception. Malus -10 VOL / -10 HP sur les PJ presents recalibre le 8/8 (etait -1 initialement). PA(3) jamais preleve."
requete_avocat,1,0,doRequeteAvocat,confirmerRequeteAvocat,COMMIT DIFFERE,aucun (jamais preleve),N/A,PJ (state.arg),sans objet (cout=0 ou jamais preleve),
requisition_civile,3,0,ouvrirRequisitionCivile,confirmerRequisitionCivile,COMMIT DIFFERE,aucun (jamais preleve),N/A,PJ (state.arg),sans objet (cout=0 ou jamais preleve),
reserver_chambre_hotel,1,80,doReserverChambreHotel,doReserverChambreHotel,COMMIT IMMEDIAT,aucun (jamais preleve),variable(possible data.js/dynamique),PJ (state.arg),deterministe (pas de jet),
reserver_salle_reception,1,0,doReserverSalleReception,doReserverSalleReception,COMMIT IMMEDIAT,aucun (jamais preleve),N/A,PJ (state.arg),sans objet (cout=0 ou jamais preleve),
revoquer_commissaire,1,0,ouvrirModalRevoquerCommissaire,ouvrirModalRevoquerCommissaire,COMMIT IMMEDIAT,aucun (jamais preleve),N/A,PJ (state.arg),sans objet (cout=0 ou jamais preleve),
revoquer_directeur_entrepot,1,0,ouvrirModalRevoquerDirecteurEntrepot,ouvrirModalRevoquerDirecteurEntrepot,COMMIT IMMEDIAT,aucun (jamais preleve),N/A,PJ (state.arg),sans objet (cout=0 ou jamais preleve),
revoquer_juge,1,0,ouvrirModalRevoquerJuge,ouvrirModalRevoquerJuge,COMMIT IMMEDIAT,aucun (jamais preleve),N/A,PJ (state.arg),sans objet (cout=0 ou jamais preleve),
revoquer_ministre_pm,1,0,ouvrirModalRevoquerMinistre,confirmerRevocationPosteNomme,COMMIT DIFFERE,aucun (jamais preleve),N/A,PJ (state.arg),sans objet (cout=0 ou jamais preleve),
revoquer_pm,1,0,ouvrirModalRevoquerPM,ouvrirModalRevoquerPM,COMMIT IMMEDIAT,aucun (jamais preleve),N/A,PJ (state.arg),sans objet (cout=0 ou jamais preleve),
sanctions_diplo,3,0,ouvrirModalEmpireCible,executerOrdreEmpire (branche action===sanctions),COMMIT IMMEDIAT,aucun (jamais preleve),N/A,PJ (state.arg),sans objet (cout=0 ou jamais preleve),"DISPATCHEUR PARTAGE verifie manuellement -- trace auto correcte ici. Aucun cout (coherent). Effet aleatoire (3-10 ID) mais toujours applique, pas de condition d'echec."
se_confesser,2,0,doSeConfeser,doSeConfeser,COMMIT IMMEDIAT,aucun (jamais preleve),N/A,PJ (state.arg),sans objet (cout=0 ou jamais preleve),
se_former,2,100,doSeFormer,doSeFormer,COMMIT DIFFERE,aucun (jamais preleve),variable(possible data.js/dynamique),PJ (state.arg),deterministe (pas de jet),
se_justifier,2,0,doSeJustifier,confirmerSeJustifier,COMMIT DIFFERE,hardcode,N/A,PJ (state.arg),sans objet (cout=0 ou jamais preleve),Deduction PA reelle mais hardcodee (state.pa -= 2 au lieu de lire data.js). A migrer.
se_nourrir,1,30,doSeReposer,doSeReposer,COMMIT IMMEDIAT,aucun (jamais preleve),variable(possible data.js/dynamique),PJ (state.arg),deterministe (pas de jet),
se_presenter_affectation,1,0,doSePresenterAffectation,doSePresenterAffectation,COMMIT IMMEDIAT,aucun (jamais preleve),N/A,PJ (state.arg),sans objet (cout=0 ou jamais preleve),
se_rebeller,2,0,doSeRebeller,doSeRebeller,COMMIT IMMEDIAT,aucun (jamais preleve),N/A,PJ (state.arg),sans objet (cout=0 ou jamais preleve),
service_etage,0,150,doServiceEtage,doServiceEtage,COMMIT IMMEDIAT,N/A,variable(possible data.js/dynamique),PJ (state.arg),deterministe (pas de jet),Cas particulier positif : `const cout = ordre?.cost || 150` lit dynamiquement le cout depuis la definition de la salle elle-meme (data.js) quand le joueur y est physiquement -- fallback 150 hardcode seulement si la lecture echoue. Modele a suivre pour la primitive centralisee.
signer_compromis,2,1000,doSignerCompromis,doConfirmerCompromis,COMMIT DIFFERE,aucun (jamais preleve),variable(possible data.js/dynamique),PJ (state.arg),deterministe (pas de jet),
signer_traite,3,0,ouvrirModalTraite,proposerTraite,COMMIT DIFFERE,aucun (jamais preleve),N/A,PJ (state.arg),sans objet (cout=0 ou jamais preleve),
sinscrire_demandeur_emploi,1,0,doInscrireDemandeurEmploi,doInscrireDemandeurEmploi,COMMIT IMMEDIAT,aucun (jamais preleve),N/A,PJ (state.arg),sans objet (cout=0 ou jamais preleve),
sponsoriser_club,1,0,doSponsoriserClub,confirmerSponsoring,COMMIT DIFFERE,aucun (jamais preleve),N/A,PJ (state.arg),sans objet (cout=0 ou jamais preleve),
stage_caserne,3,0,doStageCaserne,doStageCaserne,COMMIT IMMEDIAT,hardcode,N/A,PJ (state.arg),sans objet (cout=0 ou jamais preleve),"Seul ordre du lot du 8/8 a explicitement implementer sa propre deduction PA (state.pa -= 3, hardcode car pas d'acces direct a data.js dans ce handler). A migrer vers la source de verite au meme titre que les 7 ordres 'corrects' historiques."
subvention,2,0,ouvrirChoixTypeCibleFiscale,confirmerSubventionMontant (ce hop est correct),COUT DYNAMIQUE,aucun (jamais preleve),"dynamique (saisie utilisateur 1-5000, PAS le cost:0 de data.js)",ministere (caisse 'gouvernement-min_fin'),OUI (meme cout),"DISPATCHEUR PARTAGE verifie manuellement. Categorie primaire = COUT DYNAMIQUE (montant choisi par le joueur, plafond 5000 hardcode). Particularites secondaires : COMMIT DIFFERE (4 etapes) + COMMIT CONDITIONNEL (annule si caisse gouvernement-min_fin insuffisante)."
subvention_min_int,1,0,ouvrirModalFinancerMinInt,confirmerSubventionMinInt,COMMIT DIFFERE,aucun (jamais preleve),institution,state.country/buildingId,sans objet (cout=0 ou jamais preleve),
taxi_caserne,1,200,doTaxiSpecial,doTaxiSpecial,COMMIT IMMEDIAT,aucun (jamais preleve),hardcode,PJ (state.arg),deterministe (pas de jet),
taxi_qhs,1,200,doTaxiSpecial,doTaxiSpecial,COMMIT IMMEDIAT,aucun (jamais preleve),hardcode,PJ (state.arg),deterministe (pas de jet),
tentative_evasion,3,0,doTentativeEvasion,doTentativeEvasion,COMMIT IMMEDIAT,aucun (jamais preleve),N/A,PJ (state.arg),sans objet (cout=0 ou jamais preleve),
tenue_entrainement,2,0,doTenueEntrainement,confirmerEntrainement,COMMIT DIFFERE,aucun (jamais preleve),N/A,PJ (state.arg),sans objet (cout=0 ou jamais preleve),
traiter_demandes_permis,1,0,doTraiterDemandesPermis,traiterPermis,COMMIT DIFFERE,aucun (jamais preleve),N/A,PJ (state.arg),sans objet (cout=0 ou jamais preleve),
traiter_engagements,1,0,ouvrirTraiterEngagements,confirmerAffectationCompagnie,COMMIT DIFFERE,aucun (jamais preleve),N/A,PJ (state.arg),sans objet (cout=0 ou jamais preleve),
traiter_manifestations,1,0,doTraiterManifestations,traiterDemandeManifestation,COMMIT DIFFERE,aucun (jamais preleve),N/A,PJ (state.arg),sans objet (cout=0 ou jamais preleve),
transferer_compromis,1,0,doOuvrirTransfertCompromis,doInitierTransfertCompromis,COMMIT DIFFERE,aucun (jamais preleve),N/A,PJ (state.arg),sans objet (cout=0 ou jamais preleve),
transfert_clinique_privee,0,1000,doTransfertCliniquePrivee,doTransfertCliniquePrivee,COMMIT IMMEDIAT,N/A,hardcode,PJ (state.arg),deterministe (pas de jet),"Deduction cout reelle mais hardcodee (-1000, au lieu de lire data.js). A migrer."
valider_transfert_compromis,1,0,doValiderTransfertCompromis,doAccepterTransfertCompromis,COMMIT DIFFERE,aucun (jamais preleve),N/A,PJ (state.arg),sans objet (cout=0 ou jamais preleve),
vendre_bois_imprimerie,1,0,ouvrirVendreBoisImprimerie,confirmerVendreBoisImprimerie,COMMIT DIFFERE,aucun (jamais preleve),N/A,PJ (state.arg),sans objet (cout=0 ou jamais preleve),
vente_directe_usine,1,0,doOuvrirVenteDirecteUsine,confirmerVenteDirecteUsine,COMMIT DIFFERE,aucun (jamais preleve),N/A,PJ (state.arg),sans objet (cout=0 ou jamais preleve),
visiter_prisonnier,1,0,doVisiterPrisonnier,doVisiterPrisonnier,COMMIT IMMEDIAT,aucun (jamais preleve),N/A,PJ (state.arg),sans objet (cout=0 ou jamais preleve),
voler_materiel_chantier,2,0,doVolerMaterielChantier,doVolerMaterielChantier,COMMIT IMMEDIAT,aucun (jamais preleve),N/A,PJ (state.arg),sans objet (cout=0 ou jamais preleve),
voter_loi,2,0,ouvrirVoteLoi,enregistrerVoteLoi,COMMIT DIFFERE,aucun (jamais preleve),N/A,PJ (state.arg),sans objet (cout=0 ou jamais preleve),
