fn;label;batiment;salle;poste_requis;taux_reel_pct;palier_propose;palier_canon_pct;categorie;methode_obtention;statut_audit;description
solliciter_audience_president;Solliciter une audience;Palais Présidentiel;Hall d'honneur;(aucun);100;Automatique;100;Autres;doOrder-custom-handler;OK;0 PA. Aucun indice. Message automatique transmis au President par mail. Il vous repondra directement.
creer_poste_ministre;Creer un poste ministeriel;Palais Présidentiel;Bureau du President;president;100;Automatique;100;Fonction;doOrder-custom-handler;OK;Creer un poste de ministre personnalise. Limite : 1 poste + 1 comite.
creer_comite;Creer un comite;Palais Présidentiel;Bureau du President;president;100;Automatique;100;Fonction;doOrder-custom-handler;OK;Creer un comite special. Limite : 1 comite.
supprimer_poste_custom;Supprimer un poste cree;Palais Présidentiel;Bureau du President;president;100;Automatique;100;Fonction;doOrder-custom-handler;OK;Supprimer un poste ou comite precedemment cree.
nommer_ministre;Nommer un Premier Ministre;Palais Présidentiel;Bureau du President;president;100;Automatique;100;Fonction;doOrder-custom-handler;OK;Nommer un PJ a un poste ministeriel. Envoie un mail au candidat.
revoquer_pm;Revoquer le Premier Ministre;Palais Présidentiel;Bureau du President;president;100;Automatique;100;Fonction;doOrder-custom-handler;OK;Retirer le poste au Premier Ministre actuel.
etat_urgence;Declarer l'etat d'urgence;Palais Présidentiel;Bureau du President;president;100;Automatique;100;Fonction;doOrder-custom-handler;OK;Suspend certaines libertes. Fort impact sur INF et POP.
declarer_guerre;Declarer la guerre;Palais Présidentiel;Bureau du President;president;100;Automatique;100;Fonction;doOrder-custom-handler;OK;Declarer la guerre a un empire. Consequences majeures.
gracier;Traiter les demandes de grâce;Palais Présidentiel;Bureau du President;president;100;Automatique;100;Fonction;doOrder-custom-handler;OK;Examiner les recommandations de grace du Ministre de la Justice — accepter ou refuser.
dissoudre_assemblee;Dissoudre l'Assemblee;Palais Présidentiel;Bureau du President;president;100;Automatique;100;Fonction;doOrder-custom-handler;OK;Declenche de nouvelles elections legislatives. Risque politique majeur.
decret_referendum;Ordonner un referendum;Palais Présidentiel;Bureau du President;president;100;Automatique;100;Fonction;doOrder-custom-handler;OK;Soumettre une question au vote populaire.
jour_deuil;Decret de deuil national;Palais Présidentiel;Bureau du President;president;100;Automatique;100;Fonction;doOrder-custom-handler;OK;Symbolique fort. +POP si populaire, -POP si conteste.
decret_inutile;Signer un decret;Palais Présidentiel;Bureau du President;president;100;Automatique;100;Fonction;doOrder-custom-handler;OK;Decret absurde généré par IA. Effets parodiques sur POP et INF. Publiable sur le forum.
conference_presse;Conference de presse;Palais Présidentiel;Salle de Presse;president;100;Automatique;100;Fonction;doOrder-custom-handler;OK;Annonce presidentielle. Fort impact POP et INF.
propagande_etat;Propagande d'Etat;Palais Présidentiel;Salle de Presse;president;75;Standard;70;Fonction;doOrder-custom-handler;Bruit calibration (±5%);Campagne de communication massive. +POP important.
dementi;Dementi officiel;Palais Présidentiel;Salle de Presse;president;80;Facile;85;Fonction;doOrder-custom-handler;Bruit calibration (±5%);Selectionner une rumeur active visant le president ou le gouvernement pour la dementir. Succes : rumeur effacee, POP retablie. Echec : perte de POP doublee.
reception_etat;Organiser une reception;Palais Présidentiel;Salle de Reception;president;100;Automatique;100;Fonction;doOrder-custom-handler;OK;Reception officielle. +INF +POP +relations diplomatiques.
banquet_diplo;Banquet diplomatique;Palais Présidentiel;Salle de Reception;president;100;Automatique;100;Fonction;doOrder-custom-handler;OK;Inviter des representants etrangers. Ameliore les relations inter-empires.
reserver_chambre_hotel;Reserver une chambre;Hôtel Républica;Accueil;(aucun);100;Automatique;100;Lieu;doOrder-custom-handler;A verifier (Lieu 85%);Bonus de +2 PA et +3 Moral au prochain Dormir passe dans cette chambre.
choisir_suite;Louer une suite;Hôtel Républica;Accueil;(aucun);100;Automatique;100;Lieu;doOrder-custom-handler;A verifier (Lieu 85%);Choisir parmi les suites disponibles de l'hotel.
repas_gastronomique;Se nourrir;Hôtel Républica;Salle du Restaurant;(aucun);100;Automatique;100;Lieu;generic-fallback;A verifier (Lieu 85%);Repas gastronomique. +10 Sante, +1 Moral immediats. +1 PA au prochain Dormir.
diner_affaires;Diner d'affaires;Hôtel Républica;Salle du Restaurant;(aucun);100;Automatique;100;Rencontre;doOrder-custom-handler;OK;Invitez un PJ present dans la piece a diner, a vos frais. Si accepte : +10 Sante, +5 INF pour chacun, +1 PA au prochain Dormir. Aucun cout si refuse.
ecouter_rumeurs;Ecouter les tables;Hôtel Républica;Salle du Restaurant;(aucun);95;Automatique;100;Lieu;doOrder-custom-handler;Bruit calibration (±5%);Revele une rumeur vraie (action recente tracee) ou, a defaut, une information generee selon le contexte.
lancer_rumeur_cible;Lancer une rumeur;Hôtel Républica;Salle du Restaurant;(aucun);80;Facile;85;Rencontre;doOrder-custom-handler;Bruit calibration (±5%);Sur un PJ de votre repertoire. Succes : -5 a -20 POP sur la cible. Echec : se retourne contre vous (-5 POP -5 DIS) + risque de detection.
boire_verre;Offrir un verre;Hôtel Républica;Bar;(aucun);100;Automatique;100;Rencontre;doOrder-custom-handler;OK;Invitez un PJ present a boire un verre, a vos frais. Si accepte : +5 Sante, +2 INF, +2 ENT pour chacun. Aucun cout si refuse.
ecouter_rumeurs;Ecouter le barman;Hôtel Républica;Bar;(aucun);90;Facile;85;Lieu;doOrder-custom-handler;Bruit calibration (±5%);Le barman entend tout. Revele une rumeur vraie ou generee selon le contexte.
recruter_informateur_pnj;Recruter un informateur;Hôtel Républica;Bar;(aucun);100;Automatique;100;Rencontre;doOrder-custom-handler;OK;150 FR/jour. Un PNJ rejoint votre groupe en permanence tant que vous le payez. Sa PER (12-18) enrichit la moyenne de PER de votre groupe pour les futurs ordres de localisation.
escort_piege;Organiser une rencontre piège;Hôtel Républica;Bar;(aucun);55;Difficile;55;Rencontre;doOrder-custom-handler;OK;Piéger un adversaire politique. Risque de scandale.
dormir_chambre;Dormir;Hôtel Républica;Chambres;(aucun);100;Automatique;100;Lieu;doOrder-custom-handler;A verifier (Lieu 85%);Reservez une chambre a l'accueil au prealable pour beneficier du bonus. Sans reservation, passez l'ordre Dormir depuis votre fiche personnage.
service_etage;Faire appel au service d'etage;Hôtel Républica;Chambres;(aucun);100;Automatique;100;Lieu;doOrder-custom-handler;A verifier (Lieu 85%);Dejeuner servi en chambre. +10 Sante, +1 Moral immediats. +1 PA au prochain Dormir.
gerer_local;Gérer mon local;Hôtel Républica;Suite Privée — Local à louer;(aucun);100;Automatique;100;Lieu;doOrder-custom-handler;A verifier (Lieu 85%);
gerer_local;Gérer mon local;Hôtel Républica;Suite Présidentielle — Local à louer;(aucun);100;Automatique;100;Lieu;doOrder-custom-handler;A verifier (Lieu 85%);
postuler;Postuler a un poste;Palais du Gouvernement;Hall d'entree;(aucun);85;Facile;85;Autres;render-special;OK;PNJ : automatique. PM/President PJ : impossible.
organigramme;Organigramme du pays;Palais du Gouvernement;Hall d'entree;(aucun);100;Automatique;100;Autres;doOrder-custom-handler;OK;Voir qui occupe chaque poste dans votre empire.
nommer_ministre_pm;Nommer des ministres;Palais du Gouvernement;Bureau du Premier Ministre;pm;100;Automatique;100;Fonction;doOrder-custom-handler;OK;Nommer un PJ a un poste ministeriel.
revoquer_ministre_pm;Revoquer un ministre;Palais du Gouvernement;Bureau du Premier Ministre;pm;100;Automatique;100;Fonction;doOrder-custom-handler;OK;Retirer le poste a un ministre en fonction.
declencher_vote_confiance;Déclencher un vote de confiance;Palais du Gouvernement;Bureau du Premier Ministre;pm;100;Automatique;100;Fonction;doOrder-custom-handler;OK;Engager la responsabilite du gouvernement devant l'Assemblee Nationale. Resultat sous 48h.
conference_presse;Conférence de presse;Palais du Gouvernement;Salle de Presse;true;100;Automatique;100;Fonction;doOrder-custom-handler;OK;Annonce officielle au pays entier. Fort impact POP et INF.
propagande_etat;Campagne de propagande;Palais du Gouvernement;Salle de Presse;true;75;Standard;70;Fonction;doOrder-custom-handler;Bruit calibration (±5%);Influence massive de l'opinion publique. +POP important.
dementi;Démenti officiel;Palais du Gouvernement;Salle de Presse;true;80;Facile;85;Fonction;doOrder-custom-handler;Bruit calibration (±5%);Selectionner une rumeur active visant le president ou le gouvernement pour la dementir. Succes : rumeur effacee, POP retablie. Echec : perte de POP doublee.
consulter_dossiers_gouv;Consulter des dossiers;Palais du Gouvernement;Archives Gouvernementales;true;80;Facile;85;Fonction;doOrder-custom-handler;Bruit calibration (±5%);Rapports confidentiels et notes de synthese classifiees du gouvernement.
fuite_info;Produire une fuite;Palais du Gouvernement;Archives Gouvernementales;true;60;Difficile;55;Fonction;generic-fallback;Bruit calibration (±5%);Faire fuiter un document secret.
mobiliser_police;Faire intervenir les forces de l'ordre;Palais du Gouvernement;Bureau - Ministre de l'Interieur;min_int;100;Automatique;100;Fonction;doOrder-custom-handler;OK;Choisir un type d'intervention concrete (blocus, manifestation, quartier sensible).
traiter_manifestations;Traiter les demandes de manifestation;Palais du Gouvernement;Bureau - Ministre de l'Interieur;min_int;100;Automatique;100;Fonction;doOrder-custom-handler;OK;Autoriser ou interdire un rassemblement declare.
demandes_naturalisation;Demandes de naturalisation;Palais du Gouvernement;Bureau - Ministre de l'Interieur;min_int;100;Automatique;100;Fonction;doOrder-custom-handler;OK;Examiner les demandes de naturalisation en attente (delai 48h avant traitement possible).
gerer_couvre_feu;Instaurer un couvre-feu;Palais du Gouvernement;Bureau - Ministre de l'Interieur;min_int;100;Automatique;100;Fonction;doOrder-custom-handler;OK;20h-6h, 2 jours maximum. Degrade IS et POP du gouvernement tant qu'il dure.
subvention_min_int;Allouer une subvention;Palais du Gouvernement;Bureau - Ministre de l'Interieur;min_int;100;Automatique;100;Fonction;doOrder-custom-handler;OK;Subventionner le commissariat de n'importe quelle ville, ou le QHS, depuis la caisse du Ministere.
fixer_impots_nationaux;Fixer le taux d'imposition national;Palais du Gouvernement;Bureau - Ministre des Finances;min_fin;100;Automatique;100;Fonction;doOrder-custom-handler;OK;Voir et modifier le taux d'imposition national en vigueur.
redressement_fiscal;Ordonner un redressement;Palais du Gouvernement;Bureau - Ministre des Finances;min_fin;80;Facile;85;Fonction;doOrder-custom-handler;Bruit calibration (±5%);Cibler un citoyen, un club sportif, une entreprise ou une organisation. Genere des recettes pour l'Etat mais cree des ennemis.
subvention;Accorder une subvention;Palais du Gouvernement;Bureau - Ministre des Finances;min_fin;100;Automatique;100;Fonction;doOrder-custom-handler;OK;Cibler un citoyen, un club sportif, une entreprise ou une organisation. Montant a fixer ensuite (plafond 5000 FR).
fiscal;Repartition budgetaire;Palais du Gouvernement;Bureau - Ministre des Finances;min_fin;100;Automatique;100;Fonction;doOrder-custom-handler;OK;Fixer la repartition des recettes fiscales entre les institutions. Prerogative exclusive du Ministre des Finances.
annuler_poursuites;Classer une plainte;Palais du Gouvernement;Bureau - Ministre de la Justice;min_just;70;Standard;70;Fonction;doOrder-custom-handler;OK;Classer une plainte en cours avant jugement. Cree une dette politique. Coute a la caisse du gouvernement.
ouvrir_enquete;Ouvrir une enquete;Palais du Gouvernement;Bureau - Ministre de la Justice;min_just;90;Facile;85;Fonction;doOrder-custom-handler;Bruit calibration (±5%);Cibler un citoyen, un club sportif, une entreprise ou une organisation. Coute a la caisse du gouvernement.
proposer_grace;Proposer une grace;Palais du Gouvernement;Bureau - Ministre de la Justice;min_just;100;Automatique;100;Fonction;doOrder-custom-handler;OK;Recommander une grace au President — qui devra valider.
nommer_juge;Nommer un juge;Palais du Gouvernement;Bureau - Ministre de la Justice;min_just;90;Facile;85;Fonction;doOrder-custom-handler;Bruit calibration (±5%);Nommer un magistrat favorable. Influence les verdicts futurs.
revoquer_juge;Revoquer un juge;Palais du Gouvernement;Bureau - Ministre de la Justice;min_just;100;Automatique;100;Fonction;doOrder-custom-handler;OK;Retirer le poste au juge actuellement en fonction.
gestion_qhs;Gestion du QHS;Palais du Gouvernement;Bureau - Ministre de la Justice;min_just;100;Automatique;100;Fonction;doOrder-custom-handler;OK;Budget dedie et liste des detenus du QHS. Transferer, ameliorer les conditions, ou faire torturer.
mobiliser_armee;Mobiliser l'armee;Palais du Gouvernement;Bureau - Ministre de la Defense;min_def;100;Automatique;100;Fonction;doOrder-custom-handler;OK;Choisir une destination et donner une feuille de route secrete au Commandant.
activer_cessez_le_feu;Activer un cessez-le-feu;Palais du Gouvernement;Bureau - Ministre de la Defense;min_def;100;Automatique;100;Fonction;doOrder-custom-handler;OK;Activer une treve deja negociee par la diplomatie. Chaque camp doit le faire de son cote.
nommer_commandant;Nommer le Commandant;Palais du Gouvernement;Bureau - Ministre de la Defense;min_def;100;Automatique;100;Fonction;doOrder-custom-handler;OK;Designer le Commandant de la Caserne.
recruter_compagnie;Recruter une compagnie;Palais du Gouvernement;Bureau - Ministre de la Defense;min_def;100;Automatique;100;Fonction;doOrder-custom-handler;OK;100 soldats (4 sections). Coute a la caisse de la caserne.
renseignement;Lancer une operation de renseignement;Palais du Gouvernement;Bureau - Ministre de la Defense;min_def;70;Standard;70;Fonction;doOrder-custom-handler;OK;Espionner un empire etranger. (Substance a venir.)
requisition_civile;Réquisition civile;Palais du Gouvernement;Bureau - Ministre de la Defense;min_def;100;Automatique;100;Fonction;doOrder-custom-handler;OK;Tirage au sort de 24 citoyens pour doubler l'effectif d'une section. Uniquement pendant une mobilisation nationale.
propagande_etat;Campagne de propagande;Palais du Gouvernement;Bureau - Ministre de l'Information;min_info;75;Standard;70;Fonction;doOrder-custom-handler;Bruit calibration (±5%);Influencer massivement l'opinion publique. +POP.
censurer_media;Censurer un media;Palais du Gouvernement;Bureau - Ministre de l'Information;min_info;70;Standard;70;Fonction;doOrder-custom-handler;OK;Interdire un organe de presse. -liberte +controle.
commanditer_sondage;Commanditer un sondage;Palais du Gouvernement;Bureau - Ministre de l'Information;min_info;100;Automatique;100;Fonction;doOrder-custom-handler;OK;Publier un sondage favorable. +INF si bien fait.
dementi;Dementi officiel;Palais du Gouvernement;Bureau - Ministre de l'Information;min_info;80;Facile;85;Fonction;doOrder-custom-handler;Bruit calibration (±5%);Contredire une information defavorable.
proposer_treve;Proposer une trêve;Palais du Gouvernement;Bureau - Ministre des Affaires Etrangeres;min_ae;100;Automatique;100;Fonction;doOrder-custom-handler;OK;Proposer une treve a l'homologue d'un empire en guerre. Si acceptee, chaque MG devra ensuite activer le cessez-le-feu de son cote.
accord_diplomatique;Ouvrir des negociations diplomatiques;Palais du Gouvernement;Bureau - Ministre des Affaires Etrangeres;min_ae;80;Facile;85;Fonction;doOrder-custom-handler;Bruit calibration (±5%);Etablir un canal diplomatique. +8 ID.
signer_traite;Signer un traite;Palais du Gouvernement;Bureau - Ministre des Affaires Etrangeres;min_ae;70;Standard;70;Fonction;doOrder-custom-handler;OK;Accord bilateral avec un empire etranger.
ouvrir_ambassade;Ouvrir une ambassade;Palais du Gouvernement;Bureau - Ministre des Affaires Etrangeres;min_ae;100;Automatique;100;Fonction;doOrder-custom-handler;OK;Etablir une representation diplomatique.
sanctions_diplo;Imposer des sanctions;Palais du Gouvernement;Bureau - Ministre des Affaires Etrangeres;min_ae;85;Facile;85;Fonction;doOrder-custom-handler;OK;Sanctions economiques ou diplomatiques.
reponses_diplomatiques;Répondre aux propositions;Palais du Gouvernement;Bureau - Ministre des Affaires Etrangeres;min_ae;100;Automatique;100;Fonction;doOrder-custom-handler;OK;Consulter et repondre aux propositions diplomatiques recues (traites, negociations).
nommer_ambassadeur_cible;Nommer un ambassadeur;Palais du Gouvernement;Bureau - Ministre des Affaires Etrangeres;min_ae;100;Automatique;100;Fonction;doOrder-custom-handler;OK;Designer un contact comme ambassadeur aupres d'un empire.
demettre_ambassadeur_cible;Démettre un ambassadeur de son poste;Palais du Gouvernement;Bureau - Ministre des Affaires Etrangeres;min_ae;100;Automatique;100;Fonction;doOrder-custom-handler;OK;Mettre fin, avec effet immediat, a la mission de son propre ambassadeur.
expulser_ambassadeur_cible;Expulser un ambassadeur;Palais du Gouvernement;Bureau - Ministre des Affaires Etrangeres;min_ae;100;Automatique;100;Fonction;doOrder-custom-handler;OK;Declarer persona non grata un ambassadeur etranger present sur le territoire (24h pour quitter le pays, sous peine d'arrestation).
calendrier_elections;Calendrier electoral;Assemblée Nationale;Accueil;(aucun);100;Automatique;100;Autres;doOrder-custom-handler;OK;Consulter le calendrier des elections en cours et a venir.
consulter_annuaire_deputes;Consulter l'annuaire des deputes;Assemblée Nationale;Accueil;(aucun);100;Automatique;100;Lieu;doOrder-custom-handler;A verifier (Lieu 85%);Liste des 25 sieges et de leurs titulaires actuels (PJ ou PNJ).
observer_debats;Observer les debats;Assemblée Nationale;Hemicycle;(aucun);100;Automatique;100;Lieu;doOrder-custom-handler;A verifier (Lieu 85%);Revele les positions des deputes. +1 INF pour les journalistes.
voter_loi;Voter une loi;Assemblée Nationale;Hemicycle;depute;100;Automatique;100;Fonction;doOrder-custom-handler;OK;Mercredi jusqu'a 20h seulement. Ouvre la liste des lois en attente de vote.
projet_loi;Deposer un projet;Assemblée Nationale;Hemicycle;true;70;Standard;70;Fonction;doOrder-custom-handler;OK;Deposer un projet de loi.
marchander_vote;Marchander un vote;Assemblée Nationale;Hemicycle;(aucun);40;Très difficile;40;Autres;doOrder-custom-handler;OK;Taux 40% + bonus INF. Ouvre la liste des votes en cours. 1 PA consomme en cas de succes uniquement.
consulter_lobbyiste;Consulter le Lobbyiste;Assemblée Nationale;Couloirs;(aucun);100;Automatique;100;Lieu;doOrder-custom-handler;A verifier (Lieu 85%);Contre paiement, le lobbyiste vous garantit un coup de pouce (+20% de reussite) sur votre prochaine tentative de marchandage de vote.
ecouter_rumeurs;Ecouter les rumeurs;Assemblée Nationale;Couloirs;(aucun);70;Standard;70;Lieu;doOrder-custom-handler;OK;Revele une information aléatoire sur un PJ ou PNJ de la ville. Generee par IA selon le contexte politique. Tres utile pour journalistes et espions.
consulter_archives_lois;Consulter les archives;Assemblée Nationale;Salle des Archives;(aucun);100;Automatique;100;Lieu;doOrder-custom-handler;A verifier (Lieu 85%);Liste des lois votees : titre, date, resultat, votes nominatifs. Archivage 3 mois.
plainte;Consulter les affaires en cours;Tribunal;Salle d'audience;(aucun);100;Automatique;100;Lieu;doOrder-custom-handler;A verifier (Lieu 85%);Voir le statut des affaires en cours : en attente de traitement, enquete en cours, transmise au tribunal, jugee.
defense;Se defendre;Tribunal;Salle d'audience;(aucun);50;Difficile;55;Lieu;doOrder-custom-handler;Bruit calibration (±5%);"Taux : 50% de base + CHA - malus si preuve reelle contre vous. Reussite eclatante = affaire classee ; reussite simple = circonstance attenuante ; echec flagrant = aggravation."
archives;Consulter les archives;Tribunal;Greffe;(aucun);100;Automatique;100;Lieu;doOrder-custom-handler;A verifier (Lieu 85%);
falsifier_document;Falsifier un document;Tribunal;Greffe;(aucun);45;Très difficile;40;Lieu;doOrder-custom-handler;Bruit calibration (±5%);Liste : fausse identite, faux casier vierge, faux permis construire, faux contrat. Cree un objet en inventaire.
demander_juge_instruction;Demander à parler à un juge;Tribunal;Greffe;(aucun);100;Automatique;100;Lieu;doOrder-custom-handler;A verifier (Lieu 85%);Présenter votre dossier d'enquête à un juge.
gerer_finances;Gerer mon compte;Banque Nationale;Accueil;(aucun);100;Automatique;100;Lieu;render-special;A verifier (Lieu 85%);Deposer ou retirer de l'argent. Voir son solde.
investir;Investir;Banque Nationale;Accueil;(aucun);75;Standard;70;Lieu;generic-fallback;Bruit calibration (±5%);Placer des fonds. Rendement dans 24h.
emprunter;Emprunter;Banque Nationale;Accueil;(aucun);70;Standard;70;Lieu;doOrder-custom-handler;OK;Contracter un pret. Taux selon dossier.
fiscal;Optimisation fiscale;Banque Nationale;Accueil;(aucun);85;Facile;85;Lieu;doOrder-custom-handler;OK;Reduire sa fiscalite. Semi-legal.
presenter_autorisation_coffre;Présenter une autorisation judiciaire;Banque Nationale;Accueil;(aucun);100;Automatique;100;Lieu;doOrder-custom-handler;A verifier (Lieu 85%);Accéder à un coffre grâce à une autorisation du juge.
louer_local;Louer ce coffre (600 FR/jour);Banque Nationale;Coffre Privatif — Local à louer;(aucun);100;Automatique;100;Lieu;doOrder-custom-handler;A verifier (Lieu 85%);+12 DIS +4 INF. Vos secrets en sécurité absolue.
gerer_finances;Gérer mes finances;Banque Nationale;Coffre Privatif — Local à louer;(aucun);100;Automatique;100;Lieu;render-special;A verifier (Lieu 85%);
gerer_local;Gérer mon coffre;Banque Nationale;Coffre Privatif — Local à louer;(aucun);100;Automatique;100;Lieu;doOrder-custom-handler;A verifier (Lieu 85%);
gerer_finances;Gerer mon compte;Banque Privée Helvetia;Bureau prive;(aucun);100;Automatique;100;Lieu;render-special;A verifier (Lieu 85%);Depot ou retrait discret.
compte_offshore;Ouvrir compte offshore;Banque Privée Helvetia;Bureau prive;(aucun);80;Facile;85;Lieu;generic-fallback;Bruit calibration (±5%);Compte hors Republia. Moins tracable.
emprunter_prive;Emprunter (sans verification);Banque Privée Helvetia;Bureau prive;(aucun);100;Automatique;100;Lieu;generic-fallback;A verifier (Lieu 85%);Aucune verification. Taux eleve. Methode de recouvrement... directe en cas d'impaye.
blanchiment;Blanchir des fonds;Banque Privée Helvetia;Bureau prive;(aucun);55;Difficile;55;Lieu;generic-fallback;OK;Transformer des fonds douteux en argent propre.
societe_ecran;Creer une societe ecran;Banque Privée Helvetia;Bureau prive;(aucun);60;Difficile;55;Lieu;generic-fallback;Bruit calibration (±5%);Structure pour masquer des transactions.
soins;Consultation et soins;Clinique Privée;Reception;(aucun);100;Automatique;100;Lieu;generic-fallback;A verifier (Lieu 85%);+20 Sante.
soins_urgence;Soins acceleres (urgence);Clinique Privée;Reception;(aucun);100;Automatique;100;Lieu;generic-fallback;A verifier (Lieu 85%);+40 Sante immediatement.
soins_discrets;Soins sans trace;Clinique Privée;Reception;(aucun);95;Automatique;100;Lieu;generic-fallback;Bruit calibration (±5%);+30 Sante. Aucune trace medicale.
centre_anti_poison;Centre anti-poison;Clinique Privée;Reception;(aucun);85;Facile;85;Lieu;doOrder-custom-handler;OK;Guerit un empoisonnement en cours. Limite a 2 tentatives par jour.
parler_pnj;Parler;Clinique Privée;Reception;(aucun);100;Automatique;100;Lieu;doOrder-custom-handler;A verifier (Lieu 85%);Discuter avec le personnel soignant.
se_nourrir;Manger;Clinique Privée;Reception;(aucun);100;Automatique;100;Lieu;doOrder-custom-handler;A verifier (Lieu 85%);Un repas de qualite, servi au chevet.
soins_basiques;Soins basiques (gratuit);Dispensaire Public;Salle d'attente;(aucun);100;Automatique;100;Lieu;generic-fallback;A verifier (Lieu 85%);+10 Sante. Lent mais gratuit.
soins;Consultation medecin;Dispensaire Public;Salle d'attente;(aucun);100;Automatique;100;Lieu;generic-fallback;A verifier (Lieu 85%);+15 Sante.
centre_anti_poison;Centre anti-poison;Dispensaire Public;Salle d'attente;(aucun);65;Standard;70;Lieu;doOrder-custom-handler;Bruit calibration (±5%);Guerit un empoisonnement en cours. Limite a 2 tentatives par jour.
transfert_clinique_privee;Être transféré en clinique privée;Dispensaire Public;Salle d'attente;(aucun);100;Automatique;100;Lieu;doOrder-custom-handler;A verifier (Lieu 85%);Meilleure prise en charge, convalescence plus rapide. 1000 FR.
plainte_police;Porter plainte;Commissariat;Accueil;(aucun);100;Automatique;100;Lieu;render-special;A verifier (Lieu 85%);Contre une personne identifiee ou contre X. Reponse sous 24h.
consulter_caisse_commissariat;Consulter la caisse;Commissariat;Accueil;(aucun);100;Automatique;100;Lieu;doOrder-custom-handler;A verifier (Lieu 85%);Voir le solde actuel de la caisse du commissariat.
cambrioler_caisse_commissariat;Cambrioler la caisse;Commissariat;Accueil;(aucun);20;Exceptionnel;25;Lieu;doOrder-custom-handler;Bruit calibration (±5%);
archives_police;Consulter les archives;Commissariat;Accueil;(aucun);100;Automatique;100;Lieu;doOrder-custom-handler;A verifier (Lieu 85%);Registre des detentions passees et en cours, consultable par tous.
arreter;;Commissariat;Accueil;(aucun);50;Difficile;55;Rencontre;doOrder-custom-handler;Bruit calibration (±5%);Necessite un dossier. Mise en garde a vue 24h.
se_justifier;Se justifier (convocation);Commissariat;Accueil;(aucun);100;Automatique;100;Lieu;doOrder-custom-handler;A verifier (Lieu 85%);Se presenter suite a une convocation recue par mail. Leve l'avis de recherche associe.
requete_avocat;Requérir les services d'un avocat;Commissariat;Cellules de garde a vue;(aucun);100;Automatique;100;Lieu;doOrder-custom-handler;A verifier (Lieu 85%);Contacte votre avocat. Reduit les risques de condamnation.
se_rebeller;Se rebeller;Commissariat;Cellules de garde a vue;(aucun);30;Exceptionnel;25;Lieu;doOrder-custom-handler;Bruit calibration (±5%);Reserve aux emprisonnes. Defi bruyant aux gardiens : succes = +DIS mais peine allongee, echec = transfert au QHS. Endommage les grilles dans tous les cas.
tentative_evasion;Tenter de s'evader;Commissariat;Cellules de garde a vue;(aucun);10;Désespéré;10;Lieu;doOrder-custom-handler;OK;Tres risque, une tentative par jour. Succes : liberte. Echec : transferement en prison.
mener_enquete;;Commissariat;Bureau du Commissaire;commissaire;35;Très difficile;40;Fonction;doOrder-custom-handler;Bruit calibration (±5%);
organiser_filature;Organiser une filature;Commissariat;Bureau du Commissaire;commissaire;50;Difficile;55;Fonction;doOrder-custom-handler;Bruit calibration (±5%);
organiser_chasse_homme;;Commissariat;Bureau du Commissaire;commissaire;100;Automatique;100;Fonction;doOrder-custom-handler;OK;Localiser et arreter un PJ recherche.
parler_pnj;Parler à la standardiste;L'Autruche Entravée (journal);Accueil;(aucun);100;Automatique;100;Lieu;doOrder-custom-handler;A verifier (Lieu 85%);
se_renseigner;Se renseigner;L'Autruche Entravée (journal);Accueil;(aucun);100;Automatique;100;Lieu;doOrder-custom-handler;A verifier (Lieu 85%);
consulter_archives_presse;Consulter les archives de presse;L'Autruche Entravée (journal);Accueil;(aucun);100;Automatique;100;Lieu;doOrder-custom-handler;A verifier (Lieu 85%);Articles archivés publiés par le journal au fil des décennies.
produire_fuite;Produire une fuite;L'Autruche Entravée (journal);Redaction;(aucun);55;Difficile;55;Rencontre;doOrder-custom-handler;OK;Choisir une cible dans le repertoire. Rumeur IA dans journal. Mail a la cible. -10 INF -10 POP.
fabriquer_scandale;Fabriquer un scandale;L'Autruche Entravée (journal);Redaction;(aucun);35;Très difficile;40;Rencontre;doOrder-custom-handler;Bruit calibration (±5%);Choisir une cible. Rediger le contenu. Bonus journaliste +15%. Si decouvert : Recherche pour diffamation.
interview;Donner une interview;L'Autruche Entravée (journal);Redaction;(aucun);100;Automatique;100;Lieu;doOrder-custom-handler;A verifier (Lieu 85%);Impact sur la popularite.
article;Placer un article favorable;L'Autruche Entravée (journal);Redaction;(aucun);70;Standard;70;Lieu;doOrder-custom-handler;OK;
corrompre_journaliste;Corrompre un journaliste;L'Autruche Entravée (journal);Redaction;(aucun);55;Difficile;55;Lieu;doOrder-custom-handler;OK;
etouffer;Etouffer un article;L'Autruche Entravée (journal);Redaction;(aucun);45;Très difficile;40;Lieu;doOrder-custom-handler;Bruit calibration (±5%);
demander_parler_loge;Demander a parler a quelqu'un;Loge Maçonnique;Portail de la Loge;(aucun);95;Automatique;100;Rencontre;doOrder-custom-handler;Bruit calibration (±5%);Frapper a la porte et demander une audience. Reussite a 95%.
demander_adhesion;Demander a rejoindre la Loge;Loge Maçonnique;Bureau du Venerable Maitre;(aucun);50;Difficile;55;Lieu;generic-fallback;Bruit calibration (±5%);Necessite un parrain. Sans parrain, refus automatique.
demander_info_loge;Demander des informations;Loge Maçonnique;Bureau du Venerable Maitre;(aucun);70;Standard;70;Lieu;doOrder-custom-handler;OK;
recruter_informateur_2;Recruter un informateur (Niv.2);Loge Maçonnique;Bureau du Venerable Maitre;(aucun);100;Automatique;100;Rencontre;doOrder-custom-handler;OK;400 FR/jour. Localisation précise, intentions vote, voyages récents.
recruter_info_4;Recruter une Taupe N4;Loge Maçonnique;Bureau du Venerable Maitre;(aucun);50;Difficile;55;Lieu;doOrder-custom-handler;Bruit calibration (±5%);1500 FR/jour. Confessions, transactions, ordres passés 24h.
consulter_info_4;Consulter la Taupe N4;Loge Maçonnique;Bureau du Venerable Maitre;(aucun);100;Automatique;100;Lieu;doOrder-custom-handler;A verifier (Lieu 85%);Obtenir une information de votre taupe niveau 4.
gerer_informateurs;Gérer mes informateurs;Loge Maçonnique;Salle de Reunion;(aucun);100;Automatique;100;Autres;doOrder-custom-handler;OK;Voir et gérer vos informateurs actifs.
voter_loi;Participer aux deliberations;Loge Maçonnique;Salle de Reunion;(aucun);100;Automatique;100;Autres;doOrder-custom-handler;OK;
se_former;Suivre une formation;Université;Amphitheatre;(aucun);100;Automatique;100;Lieu;doOrder-custom-handler;A verifier (Lieu 85%);Choisir une caracteristique : +2 jusqu'au prochain sommeil. 1 formation/jour.
donner_conf;Donner une conference;Université;Amphitheatre;(aucun);100;Automatique;100;Lieu;doOrder-custom-handler;A verifier (Lieu 85%);Soutenir un candidat en campagne (3 electeurs convertis) OU sensibiliser sur un theme (+2 indice, utilisable hors campagne).
recruter_etud;Recruter des militants;Université;Amphitheatre;(aucun);100;Automatique;100;Lieu;doOrder-custom-handler;A verifier (Lieu 85%);Reserve aux membres d'un syndicat etudiant actif. 1/jour, plafond 2 militants par joueur. Prepare les manifestations.
louer_local;Louer cette salle (180 FR/jour);Université;Salle de Réunion — Local à louer;(aucun);100;Automatique;100;Lieu;doOrder-custom-handler;A verifier (Lieu 85%);+4 POP +4 INF +2 DIS. Recrutement militant facilité.
recruter_etud;Recruter des militants;Université;Salle de Réunion — Local à louer;(aucun);100;Automatique;100;Lieu;doOrder-custom-handler;A verifier (Lieu 85%);Reserve aux membres d'un syndicat etudiant actif. 1/jour, plafond 2 militants par joueur. Prepare les manifestations.
gerer_local;Gérer mon local;Université;Salle de Réunion — Local à louer;(aucun);100;Automatique;100;Lieu;doOrder-custom-handler;A verifier (Lieu 85%);
produire_arme;Produire une arme;Armurerie;Magasin;(aucun);100;Automatique;100;Lieu;doOrder-custom-handler;A verifier (Lieu 85%);Fabrication contre salaire (Unites de Temps). Necessite des materiaux en stock.
acheter_produit_stock;Acheter en stock (fabrication maison);Armurerie;Magasin;(aucun);100;Automatique;100;Lieu;doOrder-custom-handler;A verifier (Lieu 85%);Armes produites par de vrais joueurs, au prix fixe par le proprietaire.
vendre_matiere_armurerie;Vendre des matieres premieres;Armurerie;Magasin;(aucun);100;Automatique;100;Lieu;doOrder-custom-handler;A verifier (Lieu 85%);Metal, bois — au prix fixe par le proprietaire de l'armurerie.
racheter_armurerie;Racheter cette entreprise;Armurerie;Magasin;(aucun);100;Automatique;100;Lieu;doOrder-custom-handler;A verifier (Lieu 85%);Devenir proprietaire de l'armurerie (actuellement tenue par un PNJ).
gerer_armurerie;Gérer mon armurerie;Armurerie;Magasin;(aucun);100;Automatique;100;Lieu;doOrder-custom-handler;A verifier (Lieu 85%);Reserve au proprietaire. Tarifs, prix des matieres, prix de vente, stock maximum.
se_nourrir;Acheter a manger;Marché;Etals du marche;(aucun);100;Automatique;100;Lieu;doOrder-custom-handler;A verifier (Lieu 85%);Repas economique. +5 Sante.
pouls_populaire;Prendre le pouls;Marché;Etals du marche;(aucun);85;Facile;85;Lieu;doOrder-custom-handler;OK;Sondage sur les elections ou popularite des PJ. Resultat genere par IA.
distribuer_tract;Distribuer un tract;Marché;Etals du marche;(aucun);70;Standard;70;Lieu;doOrder-custom-handler;OK;Necessite un tract en inventaire. Donne un vote au candidat du tract.
lancer_rumeur_cible;Lancer une rumeur;Marché;Etals du marche;(aucun);50;Difficile;55;Rencontre;doOrder-custom-handler;Bruit calibration (±5%);Sur une personne du repertoire. Succes : +/-5 POP sur la cible.
calendrier_elections;Calendrier electoral;Mairie de Luthécia;Hall d'accueil;(aucun);100;Automatique;100;Autres;doOrder-custom-handler;OK;Consulter le calendrier des elections en cours et a venir.
organigramme;Organigramme du pays;Mairie de Luthécia;Hall d'accueil;(aucun);100;Automatique;100;Autres;doOrder-custom-handler;OK;Voir qui occupe chaque poste dans votre empire. PJ en vert, PNJ en gris.
deposer_candidature;Deposer une candidature;Mairie de Luthécia;Hall d'accueil;(aucun);100;Automatique;100;Autres;doOrder-custom-handler;OK;Vous inscrire comme candidat a une election en cours.
consulter_elections;Consulter les elections;Mairie de Luthécia;Hall d'accueil;(aucun);100;Automatique;100;Autres;doOrder-custom-handler;OK;Voir les elections en cours et les candidats declares.
acte_officiel;Demander un acte officiel;Mairie de Luthécia;Hall d'accueil;(aucun);100;Automatique;100;Lieu;doOrder-custom-handler;A verifier (Lieu 85%);Naissance, mariage, document administratif.
demander_naturalisation;Demander la naturalisation;Mairie de Luthécia;Hall d'accueil;(aucun);100;Automatique;100;Lieu;doOrder-custom-handler;A verifier (Lieu 85%);Deposer une demande de naturalisation vers un autre empire. Validee par le Ministre de l'Interieur concerne.
demander_mariage;Demander en mariage;Mairie de Luthécia;Hall d'accueil;(aucun);100;Automatique;100;Rencontre;doOrder-custom-handler;OK;Envoyer une demande en mariage a un autre PJ. Necessitera une ceremonie a la mairie pour officialiser.
officialiser_mariage;Officialiser un mariage;Mairie de Luthécia;Hall d'accueil;(aucun);100;Automatique;100;Rencontre;doOrder-custom-handler;OK;Celebrer le mariage. Les deux futurs epoux doivent etre presents.
consulter_indices_locaux;Consulter les caisses communales;Mairie de Luthécia;Hall d'accueil;(aucun);100;Automatique;100;Autres;doOrder-custom-handler;OK;Voir le solde reel des caisses du Commissariat, Centre Multimodal, Stade, Marche, Dispensaire et Tribunal.
objet_trouve;Reclamer un objet trouve;Mairie de Luthécia;Hall d'accueil;(aucun);100;Automatique;100;Lieu;doOrder-custom-handler;A verifier (Lieu 85%);Le service des objets trouves. On ne sait jamais ce qui finit dans une boite en carton...
fixer_impots_locaux;Fixer les impôts locaux;Mairie de Luthécia;Bureau du Maire;maire;100;Automatique;100;Fonction;doOrder-custom-handler;OK;Definir le taux de taxation locale. Impact direct sur les recettes et la popularite.
repartition_budget_local;Repartir le budget municipal;Mairie de Luthécia;Bureau du Maire;maire;100;Automatique;100;Fonction;doOrder-custom-handler;OK;Repartir les recettes fiscales locales entre Commissariat, Centre Multimodal, Stade, Marche, Dispensaire et Tribunal. Applique chaque nuit, credite directement leur caisse reelle.
traiter_demandes_permis;Traiter les demandes de permis;Mairie de Luthécia;Bureau du Maire;maire;100;Automatique;100;Fonction;doOrder-custom-handler;OK;Valider ou refuser les permis de construire arrives a instruction terminee.
campagne_securite;Lancer une campagne de securite;Mairie de Luthécia;Bureau du Maire;maire;80;Facile;85;Fonction;doOrder-custom-handler;Bruit calibration (±5%);+10 ISN local. Deploiement de forces de l'ordre supplementaires. Preleve sur budget mairie.
acte_officiel_mairie;Delivrer un acte officiel;Mairie de Luthécia;Bureau du Maire;maire;100;Automatique;100;Fonction;doOrder-custom-handler;OK;Choisir le type d'acte a delivrer a un administre.
contester_resultats;Contester des resultats;Mairie de Luthécia;Bureau du Maire;(aucun);70;Standard;70;Autres;doOrder-custom-handler;OK;Deposer un recours dans le sous-forum Tribunal. Delai 48h. Decision du juge.
nommer_commissaire;Nommer un commissaire;Mairie de Luthécia;Bureau du Maire;maire;100;Automatique;100;Fonction;doOrder-custom-handler;OK;Nommer un PJ habitant de la ville comme commissaire. Poste exclusif (sauf depute).
financer_communal;Financer un batiment communal;Mairie de Luthécia;Bureau du Maire;maire;100;Automatique;100;Fonction;doOrder-custom-handler;OK;Virement instantane depuis la caisse municipale vers un batiment de la ville.
revoquer_commissaire;Revoquer le commissaire;Mairie de Luthécia;Bureau du Maire;maire;100;Automatique;100;Fonction;doOrder-custom-handler;OK;Retirer le poste de commissaire au titulaire actuel de la ville.
consulter_elections;Voir les candidats;Mairie de Luthécia;Salle des Elections;(aucun);100;Automatique;100;Autres;doOrder-custom-handler;OK;Liste des candidats declares et sondages.
contester_resultats;Contester des resultats;Mairie de Luthécia;Salle des Elections;(aucun);40;Très difficile;40;Autres;doOrder-custom-handler;OK;Contester le resultat d'une election. Long processus.
falsifier_docs;Falsifier une liste;Mairie de Luthécia;Salle des Elections;(aucun);35;Très difficile;40;Lieu;generic-fallback;Bruit calibration (±5%);Manipuler les listes electorales. Tres risque.
consulter_etat_civil;;Mairie de Luthécia;Salle des Archives;(aucun);100;Automatique;100;Lieu;doOrder-custom-handler;A verifier (Lieu 85%);
consulter_mandats_maires;Consulter les résumés de mandats;Mairie de Luthécia;Salle des Archives;(aucun);100;Automatique;100;Lieu;doOrder-custom-handler;A verifier (Lieu 85%);Grands chantiers et actes majeurs des maires successifs de Luthécia.
prier;Prier le Formulaire Sacré;Tabernacle des Impôts;Nef des Formulaires;(aucun);100;Automatique;100;Lieu;doOrder-custom-handler;A verifier (Lieu 85%);+3 IP +2 Moral. Remplir un formulaire en 12 exemplaires.
se_confesser;Se confesser;Tabernacle des Impôts;Nef des Formulaires;(aucun);100;Automatique;100;Lieu;doOrder-custom-handler;A verifier (Lieu 85%);Révèle des informations au Grand Prêtre. +5 Moral mais risque de fuite.
faire_don;Faire un don a l'Eglise;Tabernacle des Impôts;Nef des Formulaires;(aucun);100;Automatique;100;Lieu;doOrder-custom-handler;A verifier (Lieu 85%);+5 IP +3 POP. Le Percepteur Suprême bénit votre don.
demander_benediction;Demander une bénédiction;Tabernacle des Impôts;Nef des Formulaires;(aucun);80;Facile;85;Lieu;doOrder-custom-handler;Bruit calibration (±5%);+5 à un ordre de votre choix pour 24h.
pelerin;Se déclarer pèlerin;Tabernacle des Impôts;Nef des Formulaires;(aucun);100;Automatique;100;Lieu;doOrder-custom-handler;A verifier (Lieu 85%);+10 DIS pendant 1 jour. Accès facilité aux lieux saints des autres empires.
excommunier;Excommunier un fidèle;Tabernacle des Impôts;Sacristie Administrative;grand_pretre;75;Standard;70;Fonction;doOrder-custom-handler;Bruit calibration (±5%);Cible perd -15 IP -10 POP dans l'empire. Acte irréversible.
benediction_etat;Bénir un acte d'Etat;Tabernacle des Impôts;Sacristie Administrative;grand_pretre;100;Automatique;100;Fonction;doOrder-custom-handler;OK;+10 IP national. +5 popularité du chef d'Etat.
consulter_confessions;Consulter les confessions;Tabernacle des Impôts;Sacristie Administrative;grand_pretre;85;Facile;85;Fonction;doOrder-custom-handler;OK;Révèle les derniers secrets confiés par les fidèles.
prendre_train;Prendre le train;Centre Multimodal;Hall Principal;(aucun);100;Automatique;100;Lieu;doOrder-custom-handler;A verifier (Lieu 85%);75 FR. 2 PA. Transport intra-empire vers une autre ville.
prendre_bus_taxi;Prendre un bus ou taxi;Centre Multimodal;Hall Principal;(aucun);100;Automatique;100;Lieu;doOrder-custom-handler;A verifier (Lieu 85%);150 FR. 1 PA. Transport intra-empire uniquement.
prendre_bateau;Prendre le bateau;Centre Multimodal;Hall Principal;(aucun);100;Automatique;100;Lieu;doOrder-custom-handler;A verifier (Lieu 85%);100 FR. 4 PA. Inter-empire. Disponible depuis le port.
taxi_caserne;Taxi vers la Caserne;Centre Multimodal;Hall Principal;(aucun);100;Automatique;100;Lieu;doOrder-custom-handler;A verifier (Lieu 85%);200 FR. 1 PA. Accès conditionné sur place.
taxi_qhs;Taxi vers le QHS;Centre Multimodal;Hall Principal;(aucun);100;Automatique;100;Lieu;doOrder-custom-handler;A verifier (Lieu 85%);200 FR. 1 PA. Accès conditionné sur place.
passer_douanes_aeroport;Passer le contrôle douanier;Centre Multimodal;Hall des Douanes;(aucun);100;Automatique;100;Lieu;doOrder-custom-handler;A verifier (Lieu 85%);Obligatoire pour accéder à la zone d'embarquement.
corrompre_douanier;Corrompre l'agent des douanes;Centre Multimodal;Hall des Douanes;(aucun);55;Difficile;55;Lieu;doOrder-custom-handler;OK;Éviter le contrôle. DUP/10 + INF/10. +20% zone transport.
prendre_avion;Prendre l'avion;Centre Multimodal;Zone d\'Embarquement;(aucun);100;Automatique;100;Lieu;doOrder-custom-handler;A verifier (Lieu 85%);250 FR. 3 PA. Vol vers un autre empire.
se_renseigner;Se renseigner;Centre Commercial;Hall d'Entrée;(aucun);100;Automatique;100;Lieu;doOrder-custom-handler;A verifier (Lieu 85%);
louer_local;Louer ce local (800 FR/jour);Centre Commercial;Vitrine Principale — Local à louer;(aucun);100;Automatique;100;Lieu;doOrder-custom-handler;A verifier (Lieu 85%);Emplacement premium. +10 POP +5 INF à votre organisation.
gerer_local;Gérer mon local;Centre Commercial;Vitrine Principale — Local à louer;(aucun);100;Automatique;100;Lieu;doOrder-custom-handler;A verifier (Lieu 85%);Gérer votre location.
louer_local;Louer ce local (400 FR/jour);Centre Commercial;Boutique Milieu — Local à louer;(aucun);100;Automatique;100;Lieu;doOrder-custom-handler;A verifier (Lieu 85%);+5 POP +3 INF à votre organisation.
gerer_local;Gérer mon local;Centre Commercial;Boutique Milieu — Local à louer;(aucun);100;Automatique;100;Lieu;doOrder-custom-handler;A verifier (Lieu 85%);
louer_local;Louer ce local (150 FR/jour);Centre Commercial;Arrière-Boutique — Local à louer;(aucun);100;Automatique;100;Lieu;doOrder-custom-handler;A verifier (Lieu 85%);+2 POP +1 INF à votre organisation.
gerer_local;Gérer mon local;Centre Commercial;Arrière-Boutique — Local à louer;(aucun);100;Automatique;100;Lieu;doOrder-custom-handler;A verifier (Lieu 85%);
louer_local;Louer ce local (80 FR/jour);Centre Commercial;Cave / Réserve — Local à louer;(aucun);100;Automatique;100;Lieu;doOrder-custom-handler;A verifier (Lieu 85%);+5 DIS à votre organisation. Très discret.
gerer_local;Gérer mon local;Centre Commercial;Cave / Réserve — Local à louer;(aucun);100;Automatique;100;Lieu;doOrder-custom-handler;A verifier (Lieu 85%);
se_renseigner;Se renseigner;Centre Artisanal;Travées;(aucun);100;Automatique;100;Lieu;doOrder-custom-handler;A verifier (Lieu 85%);
louer_local;Louer ce local (600 FR/jour);Centre Artisanal;Échoppe Facade — Local à louer;(aucun);100;Automatique;100;Lieu;doOrder-custom-handler;A verifier (Lieu 85%);+12 POP +2 INF. Fort ancrage populaire.
gerer_local;Gérer mon local;Centre Artisanal;Échoppe Facade — Local à louer;(aucun);100;Automatique;100;Lieu;doOrder-custom-handler;A verifier (Lieu 85%);
louer_local;Louer ce local (300 FR/jour);Centre Artisanal;Atelier Central — Local à louer;(aucun);100;Automatique;100;Lieu;doOrder-custom-handler;A verifier (Lieu 85%);+6 POP +2 INF.
gerer_local;Gérer mon local;Centre Artisanal;Atelier Central — Local à louer;(aucun);100;Automatique;100;Lieu;doOrder-custom-handler;A verifier (Lieu 85%);
louer_local;Louer ce local (100 FR/jour);Centre Artisanal;Réserve Arrière — Local à louer;(aucun);100;Automatique;100;Lieu;doOrder-custom-handler;A verifier (Lieu 85%);+2 POP +1 INF +2 DIS.
gerer_local;Gérer mon local;Centre Artisanal;Réserve Arrière — Local à louer;(aucun);100;Automatique;100;Lieu;doOrder-custom-handler;A verifier (Lieu 85%);
parler_pnj;Parler à l'hôtesse;Centre d'Affaires;Hall d'Entrée;(aucun);100;Automatique;100;Lieu;doOrder-custom-handler;A verifier (Lieu 85%);
se_renseigner;Se renseigner;Centre d'Affaires;Hall d'Entrée;(aucun);100;Automatique;100;Lieu;doOrder-custom-handler;A verifier (Lieu 85%);
louer_local;Louer ce local (1000 FR/jour);Centre d'Affaires;Bureau Prestige — Local à louer;(aucun);100;Automatique;100;Lieu;doOrder-custom-handler;A verifier (Lieu 85%);+12 INF +8 DIS +3 POP. Le bureau qui impressionne.
gerer_local;Gérer mon local;Centre d'Affaires;Bureau Prestige — Local à louer;(aucun);100;Automatique;100;Lieu;doOrder-custom-handler;A verifier (Lieu 85%);
louer_local;Louer ce local (500 FR/jour);Centre d'Affaires;Bureau Standard — Local à louer;(aucun);100;Automatique;100;Lieu;doOrder-custom-handler;A verifier (Lieu 85%);+6 INF +5 DIS +1 POP.
gerer_local;Gérer mon local;Centre d'Affaires;Bureau Standard — Local à louer;(aucun);100;Automatique;100;Lieu;doOrder-custom-handler;A verifier (Lieu 85%);
louer_local;Louer ce local (200 FR/jour);Centre d'Affaires;Open Space — Local à louer;(aucun);100;Automatique;100;Lieu;doOrder-custom-handler;A verifier (Lieu 85%);+3 INF +2 POP +1 DIS.
gerer_local;Gérer mon local;Centre d'Affaires;Open Space — Local à louer;(aucun);100;Automatique;100;Lieu;doOrder-custom-handler;A verifier (Lieu 85%);
produire_fuite;Produire une fuite;Centre d'Affaires;La Tribune de Republia — Antenne Locale;(aucun);55;Difficile;55;Rencontre;doOrder-custom-handler;OK;
interview;Donner une interview;Centre d'Affaires;La Tribune de Republia — Antenne Locale;(aucun);100;Automatique;100;Lieu;doOrder-custom-handler;A verifier (Lieu 85%);Impact sur la popularité.
article;Placer un article favorable;Centre d'Affaires;La Tribune de Republia — Antenne Locale;(aucun);70;Standard;70;Lieu;doOrder-custom-handler;OK;
appeler_police_terrain;Appeler la police;Terrain à bâtir 1;Terrain vague;(aucun);100;Automatique;100;Lieu;doOrder-custom-handler;A verifier (Lieu 85%);
faire_disparaitre_cadavre;Faire disparaitre le corps;Terrain à bâtir 1;Terrain vague;(aucun);0;Désespéré;10;Rencontre;doOrder-custom-handler;Bug (0%);
negocier_squatteurs;Negocier le depart;Terrain à bâtir 1;Terrain vague;(aucun);0;Désespéré;10;Rencontre;doOrder-custom-handler;Bug (0%);
donner_argent_pnj;Donner de l'argent;Terrain à bâtir 1;Terrain vague;(aucun);0;Désespéré;10;Rencontre;doOrder-custom-handler;Bug (0%);Offrir une somme a un PNJ present. Effet immediat selon sa personnalite.
signer_compromis;Signer un compromis;Terrain à bâtir 1;Terrain vague;(aucun);100;Automatique;100;Lieu;doOrder-custom-handler;A verifier (Lieu 85%);
plainte_obstruction_permis;Contester un refus (obstruction);Terrain à bâtir 1;Terrain vague;(aucun);100;Automatique;100;Lieu;doOrder-custom-handler;A verifier (Lieu 85%);Si le refus n'etait pas justifie par le zonage, le maire en subit les consequences.
acheter_terrain;Acheter ce terrain (2150 m² — 25 800 FR);Terrain à bâtir 1;Terrain vague;(aucun);100;Automatique;100;Lieu;doOrder-custom-handler;A verifier (Lieu 85%);
construire_sur_terrain;Construire;Terrain à bâtir 1;Terrain vague;(aucun);100;Automatique;100;Lieu;generic-fallback;A verifier (Lieu 85%);
corrompre_rdv_notaire;Accélérer le rendez-vous (corruption);Terrain à bâtir 1;Terrain vague;(aucun);100;Automatique;100;Lieu;doOrder-custom-handler;A verifier (Lieu 85%);Réduit de moitié le délai restant avant le rendez-vous notarial d'un achat direct.
payer_versement_chantier;Payer le versement du chantier;Terrain à bâtir 1;Terrain vague;(aucun);100;Automatique;100;Lieu;doOrder-custom-handler;A verifier (Lieu 85%);Régler le versement en attente pour que le chantier reprenne.
corrompre_chantier;Accélérer le chantier (corruption);Terrain à bâtir 1;Terrain vague;(aucun);100;Automatique;100;Lieu;doOrder-custom-handler;A verifier (Lieu 85%);Réduit de moitié le délai restant du chantier.
voler_materiel_chantier;Voler du matériel de chantier;Terrain à bâtir 1;Terrain vague;(aucun);0;Désespéré;10;Lieu;doOrder-custom-handler;Bug (0%);Même le propriétaire peut se voler lui-même — mise en scène parodique, bonus de sympathie publique.
diviser_construction;Diviser / gérer les lots;Terrain à bâtir 1;Terrain vague;(aucun);100;Automatique;100;Lieu;doOrder-custom-handler;A verifier (Lieu 85%);Réservé aux Commerces Premium et Buildings construits.
louer_lot_ici;Louer un lot ici;Terrain à bâtir 1;Terrain vague;(aucun);100;Automatique;100;Lieu;doOrder-custom-handler;A verifier (Lieu 85%);Louer un lot disponible, si ce terrain a été divisé par son propriétaire.
gerer_lot_loue;Gérer mon local loué;Terrain à bâtir 1;Terrain vague;(aucun);100;Automatique;100;Lieu;doOrder-custom-handler;A verifier (Lieu 85%);Voir/accepter les propositions du propriétaire concernant votre lot loué ici.
emprunter_construction;Faire un prêt (Banque Nationale);Terrain à bâtir 1;Terrain vague;(aucun);100;Automatique;100;Lieu;doOrder-custom-handler;A verifier (Lieu 85%);
racheter_terrain;Offre de rachat;Terrain à bâtir 1;Terrain vague;(aucun);100;Automatique;100;Lieu;doOrder-custom-handler;A verifier (Lieu 85%);
acheter_terrain;Acheter ce terrain (2300 m² — 27 600 FR);Terrain à bâtir 2;Terrain;(aucun);100;Automatique;100;Lieu;doOrder-custom-handler;A verifier (Lieu 85%);
deposer_demande_permis;Déposer une demande de permis;Terrain à bâtir 2;Terrain;(aucun);100;Automatique;100;Lieu;doOrder-custom-handler;A verifier (Lieu 85%);Toujours obtenu a terme -- seule la duree d'instruction varie selon le palier choisi.
corrompre_fonctionnaire_permis;Corrompre un fonctionnaire (accélérer);Terrain à bâtir 2;Terrain;(aucun);100;Automatique;100;Lieu;doOrder-custom-handler;A verifier (Lieu 85%);Reduit de moitie la duree d'instruction restante. Risque de decouverte.
plainte_obstruction_permis;Contester un refus (obstruction);Terrain à bâtir 2;Terrain;(aucun);100;Automatique;100;Lieu;doOrder-custom-handler;A verifier (Lieu 85%);Si le refus n'etait pas justifie par le zonage, le maire en subit les consequences.
acheter_terrain;Acheter ce terrain (2300 m² — 27 600 FR);Terrain à bâtir 3;Terrain;(aucun);100;Automatique;100;Lieu;doOrder-custom-handler;A verifier (Lieu 85%);
deposer_demande_permis;Déposer une demande de permis;Terrain à bâtir 3;Terrain;(aucun);100;Automatique;100;Lieu;doOrder-custom-handler;A verifier (Lieu 85%);Toujours obtenu a terme -- seule la duree d'instruction varie selon le palier choisi.
corrompre_fonctionnaire_permis;Corrompre un fonctionnaire (accélérer);Terrain à bâtir 3;Terrain;(aucun);100;Automatique;100;Lieu;doOrder-custom-handler;A verifier (Lieu 85%);Reduit de moitie la duree d'instruction restante. Risque de decouverte.
plainte_obstruction_permis;Contester un refus (obstruction);Terrain à bâtir 3;Terrain;(aucun);100;Automatique;100;Lieu;doOrder-custom-handler;A verifier (Lieu 85%);Si le refus n'etait pas justifie par le zonage, le maire en subit les consequences.
appeler_police_terrain;Appeler la police;Terrain à bâtir 4;;(aucun);100;Automatique;100;Lieu;doOrder-custom-handler;A verifier (Lieu 85%);
faire_disparaitre_cadavre;Faire disparaitre le corps;Terrain à bâtir 4;;(aucun);0;Désespéré;10;Rencontre;doOrder-custom-handler;Bug (0%);
negocier_squatteurs;Negocier le depart;Terrain à bâtir 4;;(aucun);0;Désespéré;10;Rencontre;doOrder-custom-handler;Bug (0%);
signer_compromis;Signer un compromis;Terrain à bâtir 4;;(aucun);100;Automatique;100;Lieu;doOrder-custom-handler;A verifier (Lieu 85%);
plainte_obstruction_permis;Contester un refus (obstruction);Terrain à bâtir 4;;(aucun);100;Automatique;100;Lieu;doOrder-custom-handler;A verifier (Lieu 85%);Si le refus n'etait pas justifie par le zonage, le maire en subit les consequences.
acheter_terrain;Acheter ce terrain (1850 m² — 22 200 FR);Terrain à bâtir 4;;(aucun);100;Automatique;100;Lieu;doOrder-custom-handler;A verifier (Lieu 85%);
construire_sur_terrain;Construire;Terrain à bâtir 4;;(aucun);100;Automatique;100;Lieu;generic-fallback;A verifier (Lieu 85%);
corrompre_rdv_notaire;Accélérer le rendez-vous (corruption);Terrain à bâtir 4;;(aucun);100;Automatique;100;Lieu;doOrder-custom-handler;A verifier (Lieu 85%);Réduit de moitié le délai restant avant le rendez-vous notarial d'un achat direct.
payer_versement_chantier;Payer le versement du chantier;Terrain à bâtir 4;;(aucun);100;Automatique;100;Lieu;doOrder-custom-handler;A verifier (Lieu 85%);Régler le versement en attente pour que le chantier reprenne.
corrompre_chantier;Accélérer le chantier (corruption);Terrain à bâtir 4;;(aucun);100;Automatique;100;Lieu;doOrder-custom-handler;A verifier (Lieu 85%);Réduit de moitié le délai restant du chantier.
voler_materiel_chantier;Voler du matériel de chantier;Terrain à bâtir 4;;(aucun);0;Désespéré;10;Lieu;doOrder-custom-handler;Bug (0%);Même le propriétaire peut se voler lui-même — mise en scène parodique, bonus de sympathie publique.
diviser_construction;Diviser / gérer les lots;Terrain à bâtir 4;;(aucun);100;Automatique;100;Lieu;doOrder-custom-handler;A verifier (Lieu 85%);Réservé aux Commerces Premium et Buildings construits.
louer_lot_ici;Louer un lot ici;Terrain à bâtir 4;;(aucun);100;Automatique;100;Lieu;doOrder-custom-handler;A verifier (Lieu 85%);Louer un lot disponible, si ce terrain a été divisé par son propriétaire.
gerer_lot_loue;Gérer mon local loué;Terrain à bâtir 4;;(aucun);100;Automatique;100;Lieu;doOrder-custom-handler;A verifier (Lieu 85%);Voir/accepter les propositions du propriétaire concernant votre lot loué ici.
emprunter_construction;Faire un prêt (Banque Nationale);Terrain à bâtir 4;;(aucun);100;Automatique;100;Lieu;doOrder-custom-handler;A verifier (Lieu 85%);
racheter_terrain;Offre de rachat;Terrain à bâtir 4;;(aucun);100;Automatique;100;Lieu;doOrder-custom-handler;A verifier (Lieu 85%);
appeler_police_terrain;Appeler la police;Terrain à bâtir 5;;(aucun);100;Automatique;100;Lieu;doOrder-custom-handler;A verifier (Lieu 85%);
faire_disparaitre_cadavre;Faire disparaitre le corps;Terrain à bâtir 5;;(aucun);0;Désespéré;10;Rencontre;doOrder-custom-handler;Bug (0%);
negocier_squatteurs;Negocier le depart;Terrain à bâtir 5;;(aucun);0;Désespéré;10;Rencontre;doOrder-custom-handler;Bug (0%);
signer_compromis;Signer un compromis;Terrain à bâtir 5;;(aucun);100;Automatique;100;Lieu;doOrder-custom-handler;A verifier (Lieu 85%);
plainte_obstruction_permis;Contester un refus (obstruction);Terrain à bâtir 5;;(aucun);100;Automatique;100;Lieu;doOrder-custom-handler;A verifier (Lieu 85%);Si le refus n'etait pas justifie par le zonage, le maire en subit les consequences.
acheter_terrain;Acheter ce terrain (2750 m² — 33 000 FR);Terrain à bâtir 5;;(aucun);100;Automatique;100;Lieu;doOrder-custom-handler;A verifier (Lieu 85%);
construire_sur_terrain;Construire;Terrain à bâtir 5;;(aucun);100;Automatique;100;Lieu;generic-fallback;A verifier (Lieu 85%);
corrompre_rdv_notaire;Accélérer le rendez-vous (corruption);Terrain à bâtir 5;;(aucun);100;Automatique;100;Lieu;doOrder-custom-handler;A verifier (Lieu 85%);Réduit de moitié le délai restant avant le rendez-vous notarial d'un achat direct.
payer_versement_chantier;Payer le versement du chantier;Terrain à bâtir 5;;(aucun);100;Automatique;100;Lieu;doOrder-custom-handler;A verifier (Lieu 85%);Régler le versement en attente pour que le chantier reprenne.
corrompre_chantier;Accélérer le chantier (corruption);Terrain à bâtir 5;;(aucun);100;Automatique;100;Lieu;doOrder-custom-handler;A verifier (Lieu 85%);Réduit de moitié le délai restant du chantier.
voler_materiel_chantier;Voler du matériel de chantier;Terrain à bâtir 5;;(aucun);0;Désespéré;10;Lieu;doOrder-custom-handler;Bug (0%);Même le propriétaire peut se voler lui-même — mise en scène parodique, bonus de sympathie publique.
diviser_construction;Diviser / gérer les lots;Terrain à bâtir 5;;(aucun);100;Automatique;100;Lieu;doOrder-custom-handler;A verifier (Lieu 85%);Réservé aux Commerces Premium et Buildings construits.
louer_lot_ici;Louer un lot ici;Terrain à bâtir 5;;(aucun);100;Automatique;100;Lieu;doOrder-custom-handler;A verifier (Lieu 85%);Louer un lot disponible, si ce terrain a été divisé par son propriétaire.
gerer_lot_loue;Gérer mon local loué;Terrain à bâtir 5;;(aucun);100;Automatique;100;Lieu;doOrder-custom-handler;A verifier (Lieu 85%);Voir/accepter les propositions du propriétaire concernant votre lot loué ici.
emprunter_construction;Faire un prêt (Banque Nationale);Terrain à bâtir 5;;(aucun);100;Automatique;100;Lieu;doOrder-custom-handler;A verifier (Lieu 85%);
racheter_terrain;Offre de rachat;Terrain à bâtir 5;;(aucun);100;Automatique;100;Lieu;doOrder-custom-handler;A verifier (Lieu 85%);
presentation_office_notarial;Se renseigner sur les services;Office Notarial;Accueil;(aucun);100;Automatique;100;Lieu;generic-fallback;A verifier (Lieu 85%);Ventes de terrain, successions, contrats de mariage, archives — presentation des services du notaire.
redaction_testament;Rediger un testament;Office Notarial;Bureau des Successions;(aucun);100;Automatique;100;Lieu;generic-fallback;A verifier (Lieu 85%);Designer un heritier de son choix, plutot que la devolution par defaut.
consulter_succession;Consulter une succession;Office Notarial;Bureau des Successions;(aucun);100;Automatique;100;Lieu;generic-fallback;A verifier (Lieu 85%);Verifier qui a herite de qui, et de quoi.
acte_vente_terrain;Officialiser une vente de terrain;Office Notarial;Bureau des Contrats;(aucun);100;Automatique;100;Lieu;doOrder-custom-handler;A verifier (Lieu 85%);Le notaire authentifie la transaction. Acte de propriete delivre.
transferer_compromis;Transférer un compromis;Office Notarial;Bureau des Contrats;(aucun);100;Automatique;100;Lieu;doOrder-custom-handler;A verifier (Lieu 85%);Céder votre compromis en cours à un autre joueur, qui devra venir valider.
valider_transfert_compromis;Valider un compromis reçu;Office Notarial;Bureau des Contrats;(aucun);100;Automatique;100;Lieu;doOrder-custom-handler;A verifier (Lieu 85%);Accepter un compromis qu'un autre joueur vous a proposé de reprendre.
contrat_mariage;Negocier un contrat de mariage;Office Notarial;Bureau des Contrats;(aucun);100;Automatique;100;Rencontre;generic-fallback;OK;Choisir le regime matrimonial (communaute, separation de biens) plutot que la copropriete par defaut.
demander_divorce;Demander le divorce;Office Notarial;Bureau des Contrats;(aucun);100;Automatique;100;Rencontre;doOrder-custom-handler;OK;Dissout votre mariage actuel. Votre conjoint en sera informé par mail.
consulter_archives_notariales;Consulter les archives notariales;Office Notarial;Archives Notariales;(aucun);100;Automatique;100;Lieu;doOrder-custom-handler;A verifier (Lieu 85%);Historique complet et permanent des biens, mariages et successions. Recherche par nom de personnage.
observer_match;Consulter le calendrier et le classement;Stade;Terrain;(aucun);100;Automatique;100;Lieu;doOrder-custom-handler;A verifier (Lieu 85%);Calendrier complet de la saison, resultats, et classement du championnat.
regarder_live;Regarder le live;Stade;Terrain;(aucun);100;Automatique;100;Lieu;doOrder-custom-handler;A verifier (Lieu 85%);Suivre le deroule minute par minute du match de votre choix parmi la derniere journee jouee.
prendre_licence_sportive;Prendre sa licence sportive;Stade;Vestiaires;(aucun);100;Automatique;100;Lieu;doOrder-custom-handler;A verifier (Lieu 85%);Seule condition pour s'entrainer ou jouer. 300 FR.
tenue_entrainement;;Stade;Vestiaires;(aucun);100;Automatique;100;Lieu;doOrder-custom-handler;A verifier (Lieu 85%);S'entrainer (Defense/Technique/Endurance). Maximum 2 par jour. Risque de blessure legere.
tenue_match;Mettre la tenue de match;Stade;Vestiaires;(aucun);100;Automatique;100;Lieu;doOrder-custom-handler;A verifier (Lieu 85%);Repartir librement ses points de performance avant le prochain match.
conseil_entraineur_adjoint;;Stade;Vestiaires;(aucun);100;Automatique;100;Lieu;doOrder-custom-handler;A verifier (Lieu 85%);Ce qu'il vous manque pour integrer les quinze, et sur quelle qualite se concentrer.
consommer_buvette;Prendre un verre;Stade;Buvette;(aucun);100;Automatique;100;Lieu;doOrder-custom-handler;A verifier (Lieu 85%);Un moment convivial entre supporters. Leger gain de popularite.
choisir_accessoire_club;Acheter un accessoire;Stade;Buvette;(aucun);100;Automatique;100;Lieu;doOrder-custom-handler;A verifier (Lieu 85%);Echarpe, casquette ou maillot du club — a choisir.
acheter_accessoire_personnalise;Acheter un accessoire personnalisé;Stade;Buvette;(aucun);100;Automatique;100;Lieu;doOrder-custom-handler;A verifier (Lieu 85%);Personnalisation (nom, numero) — reserve aux comptes premium. Bientot disponible.
parier_match;Parier sur un match;Stade;Guichet de Paris;(aucun);100;Automatique;100;Lieu;doOrder-custom-handler;A verifier (Lieu 85%);Consultation gratuite -- vous choisirez ensuite votre mise (100 FR minimum).
consulter_classement_joueurs_club;Connaître le classement des joueurs du club;Stade;Guichet de Paris;(aucun);100;Automatique;100;Lieu;doOrder-custom-handler;A verifier (Lieu 85%);Classement complet des joueurs licencies de CE club. Deplacement necessaire pour consulter un club adverse.
rejoindre_club_supporters;Rejoindre le club de supporters;Stade;Siege des Supporters;(aucun);100;Automatique;100;Lieu;doOrder-custom-handler;A verifier (Lieu 85%);Adherer au club de supporters de la ville (150 FR/saison).
consulter_palmares;Consulter le palmares du club;Stade;Siege des Supporters;(aucun);100;Automatique;100;Lieu;doOrder-custom-handler;A verifier (Lieu 85%);Historique complet et permanent : resultats de chaque championnat, articles de presse marquants. Rien ne s'efface jamais ici.
consulter_organigramme_supporters;Consulter l'organigramme;Stade;Siege des Supporters;(aucun);100;Automatique;100;Lieu;doOrder-custom-handler;A verifier (Lieu 85%);Composition complete du club de supporters, visible de tous.
declencher_election_club;Déclencher une élection;Stade;Siege des Supporters;(aucun);100;Automatique;100;Lieu;doOrder-custom-handler;A verifier (Lieu 85%);Reserve aux membres. 3 jours de candidatures puis 3 jours de vote.
organiser_manifestation;Organiser une manifestation;Stade;Siege des Supporters;(aucun);100;Automatique;100;Lieu;doOrder-custom-handler;A verifier (Lieu 85%);Reserve au president. Pour ou contre le maire. Intensite liee au nombre de membres.
organiser_boycott;Organiser un boycott;Stade;Siege des Supporters;(aucun);100;Automatique;100;Lieu;doOrder-custom-handler;A verifier (Lieu 85%);Reserve au president. Boycotte le prochain match a domicile.
distribuer_tracts_match;Distribuer des tracts avant le match;Stade;Siege des Supporters;(aucun);100;Automatique;100;Lieu;doOrder-custom-handler;A verifier (Lieu 85%);Reserve aux candidats declares. Efficacite liee a la frequentation et au classement du club.
postuler_president_club;Postuler au poste de président;Stade;Bureau du Président;(aucun);100;Automatique;100;Lieu;doOrder-custom-handler;A verifier (Lieu 85%);Vote a 3 (chef supporters, maire, capitaine). 48h, silence = accord.
consulter_bureau_president;Consulter le bureau;Stade;Bureau du Président;(aucun);100;Automatique;100;Lieu;doOrder-custom-handler;A verifier (Lieu 85%);President actuel, election en cours, voter si concerne.
proposer_transfert;Proposer un transfert;Stade;Bureau du Président;(aucun);100;Automatique;100;Lieu;doOrder-custom-handler;A verifier (Lieu 85%);Reserve au president. Debaucher un joueur d'un autre club.
gerer_offres_transfert;Gérer les offres reçues;Stade;Bureau du Président;(aucun);100;Automatique;100;Lieu;doOrder-custom-handler;A verifier (Lieu 85%);Reserve au president. Accepter, refuser ou contre-offrir.
sponsoriser_club;Sponsoriser le club;Stade;Bureau du Président;(aucun);100;Automatique;100;Lieu;doOrder-custom-handler;A verifier (Lieu 85%);Associer votre nom au club en echange d'un soutien financier. Trois paliers.
consulter_budget_club;Consulter le budget du club;Stade;Bureau du Président;(aucun);100;Automatique;100;Autres;doOrder-custom-handler;OK;Caisse et dernieres operations financieres du club.
gerer_salaires_club;Gérer les salaires des joueurs;Stade;Bureau du Président;(aucun);100;Automatique;100;Autres;doOrder-custom-handler;OK;Reserve au president. Forfait titulaire/remplacant, prime de victoire.
demander_audience_ambassadeur;Demander audience à l'ambassadeur;Quartier des Ambassades;Accueil du Quartier des Ambassades;(aucun);70;Standard;70;Lieu;doOrder-custom-handler;OK;Tenter de rencontrer un ambassadeur present.
demander_asile_politique;Demander l'asile politique;Quartier des Ambassades;Accueil du Quartier des Ambassades;(aucun);100;Automatique;100;Lieu;doOrder-custom-handler;A verifier (Lieu 85%);Deposer une demande d'asile politique aupres de cette ambassade.
reserver_salle_reception;Réserver la Salle de Réception;Quartier des Ambassades;Accueil du Quartier des Ambassades;(aucun);100;Automatique;100;Lieu;doOrder-custom-handler;A verifier (Lieu 85%);Reserver la salle pour aujourd'hui (reserve aux ambassadeurs en poste ici).
relations_bilaterales;Consulter les relations bilatérales;Quartier des Ambassades;Ambassade d'Al-Khalija;ambassadeur_local;100;Automatique;100;Fonction;doOrder-custom-handler;OK;Etat des relations avec Al-Khalija.
corrompre_homologue_local;Corrompre un homologue local;Quartier des Ambassades;Ambassade d'Al-Khalija;ambassadeur_local;65;Standard;70;Fonction;doOrder-custom-handler;Bruit calibration (±5%);Obtenir une faveur, au risque d'un scandale.
organiser_reception_diplomatique;Organiser une réception diplomatique;Quartier des Ambassades;Ambassade d'Al-Khalija;ambassadeur_local;100;Automatique;100;Fonction;doOrder-custom-handler;OK;Reserver la Salle de Reception commune.
financer_oeuvre_culturelle;Financer une œuvre culturelle;Quartier des Ambassades;Ambassade d'Al-Khalija;ambassadeur_local;100;Automatique;100;Fonction;doOrder-custom-handler;OK;Soft power local.
relations_bilaterales;Consulter les relations bilatérales;Quartier des Ambassades;Ambassade de Sovarka;ambassadeur_local;100;Automatique;100;Fonction;doOrder-custom-handler;OK;Etat des relations avec Sovarka.
corrompre_homologue_local;Corrompre un homologue local;Quartier des Ambassades;Ambassade de Sovarka;ambassadeur_local;65;Standard;70;Fonction;doOrder-custom-handler;Bruit calibration (±5%);Obtenir une faveur, au risque d'un scandale.
organiser_reception_diplomatique;Organiser une réception diplomatique;Quartier des Ambassades;Ambassade de Sovarka;ambassadeur_local;100;Automatique;100;Fonction;doOrder-custom-handler;OK;Reserver la Salle de Reception commune.
financer_oeuvre_culturelle;Financer une œuvre culturelle;Quartier des Ambassades;Ambassade de Sovarka;ambassadeur_local;100;Automatique;100;Fonction;doOrder-custom-handler;OK;Soft power local.
relations_bilaterales;Consulter les relations bilatérales;Quartier des Ambassades;Ambassade d'El Estado;ambassadeur_local;100;Automatique;100;Fonction;doOrder-custom-handler;OK;Etat des relations avec El Estado.
corrompre_homologue_local;Corrompre un homologue local;Quartier des Ambassades;Ambassade d'El Estado;ambassadeur_local;65;Standard;70;Fonction;doOrder-custom-handler;Bruit calibration (±5%);Obtenir une faveur, au risque d'un scandale.
organiser_reception_diplomatique;Organiser une réception diplomatique;Quartier des Ambassades;Ambassade d'El Estado;ambassadeur_local;100;Automatique;100;Fonction;doOrder-custom-handler;OK;Reserver la Salle de Reception commune.
financer_oeuvre_culturelle;Financer une œuvre culturelle;Quartier des Ambassades;Ambassade d'El Estado;ambassadeur_local;100;Automatique;100;Fonction;doOrder-custom-handler;OK;Soft power local.
consulter_personnalites_musee;Consulter les personnalités;Musée National de Republia;Salle d'Honneur Militaire Nationale;(aucun);100;Automatique;100;Lieu;doOrder-custom-handler;A verifier (Lieu 85%);Voir les figures marquantes de cette salle.
consulter_personnalites_musee;Consulter les personnalités;Musée National de Republia;Salle des Personnalités Politiques;(aucun);100;Automatique;100;Lieu;doOrder-custom-handler;A verifier (Lieu 85%);Voir les figures marquantes de cette salle.
consulter_personnalites_musee;Consulter les personnalités;Musée National de Republia;Salle des Personnalités Civiles et Intellectuelles;(aucun);100;Automatique;100;Lieu;doOrder-custom-handler;A verifier (Lieu 85%);Voir les figures marquantes de cette salle.
consulter_personnalites_musee;Consulter les personnalités;Musée National de Republia;Salle des Responsables d'Organisations Syndicales ou Religieuses;(aucun);100;Automatique;100;Lieu;doOrder-custom-handler;A verifier (Lieu 85%);Voir les figures marquantes de cette salle.
consulter_personnalites_musee;Consulter les personnalités;Musée National de Republia;Salle des Artistes et Sportifs;(aucun);100;Automatique;100;Lieu;doOrder-custom-handler;A verifier (Lieu 85%);Voir les figures marquantes de cette salle.
consulter_personnalites_musee;Consulter les personnalités;Musée National de Republia;Salle des Grandes Réussites Économiques;(aucun);100;Automatique;100;Lieu;doOrder-custom-handler;A verifier (Lieu 85%);Voir les figures marquantes de cette salle.
consulter_personnalites_musee;Consulter les personnalités;Musée National de Republia;Salle des Plus Grands Criminels du Pays;(aucun);100;Automatique;100;Lieu;doOrder-custom-handler;A verifier (Lieu 85%);Voir les figures marquantes de cette salle.
acheter_ressources_entrepot;Acheter des ressources;Entrepôt Logistique;Salle des Ventes;(aucun);100;Automatique;100;Lieu;doOrder-custom-handler;A verifier (Lieu 85%);Choisir les ressources et quantités à acheter, selon le stock et le prix du moment.
nommer_directeur_entrepot;Nommer un directeur;Entrepôt Logistique;Bureau de Direction;maire;100;Automatique;100;Fonction;doOrder-custom-handler;OK;
fixer_prix_achat_entrepot;;Entrepôt Logistique;Bureau de Direction;directeur_entrepot;100;Automatique;100;Fonction;doOrder-custom-handler;OK;
vente_directe_usine;Vente directe;Usine Pharmaceutique;Salle des Ventes;(aucun);100;Automatique;100;Lieu;doOrder-custom-handler;A verifier (Lieu 85%);Acheter la production locale, disponible en quantité limitée.
nommer_directeur_pharma;Nommer un directeur;Usine Pharmaceutique;Bureau de Direction;min_fin;100;Automatique;100;Fonction;doOrder-custom-handler;OK;Nommer un PJ directeur de l'Usine Pharmaceutique. Poste exclusif (sauf député).
fixer_prix_vente_directe;Fixer les prix de vente;Usine Pharmaceutique;Bureau de Direction;directeur_pharma;100;Automatique;100;Fonction;doOrder-custom-handler;OK;Fixer le prix de chaque produit vendu en vente directe, dans la fourchette autorisée (±40% du prix de base).
fixer_repartition_production;Répartir la production;Usine Pharmaceutique;Bureau de Direction;directeur_pharma;100;Automatique;100;Fonction;doOrder-custom-handler;OK;Choisir la part de la production quotidienne envoyée aux entrepôts publics (le reste part en vente directe sur place).
